,Presidents,Sample Size,Benchmark Type,Benchmark,CNN Dims,CNN Win Size,CNN Pool 1,CNN Pool 2,CNN Density,CNN F1 Score,RNN Type,RNN Units,RNN Drop Rate,RNN Density,RNN F1 Score,Best Model Type,Best F1 Score,Difference
0,Lbjohnson vs Wilson,2116,Logistic Regression,0.8591682419659736,64,3,7,23,64,0.8544423440453687,lstm,45,0.05,75,0.8771266540642723,RNN,0.8831646734130636,0.02399643144708996
1,Ford vs Madison,822,Logistic Regression,0.9476734548898886,64,7,5,29,64,0.9367396612527017,lstm,25,0.3,75,0.965936741109602,RNN,0.9675810473815462,0.019907592491657522
2,Obama vs Washington,784,Logistic Regression,0.9604591836734695,256,3,7,23,256,0.951530612244898,lstm,5,0.45,125,0.9540816326530612,RNN,0.9573934837092732,-0.0030656999641962557
3,Bharrison vs Polk,2156,Logistic Regression,0.7959183673469388,64,7,3,17,64,0.8172541738441128,lstm,30,0.2,50,0.8571428576957759,RNN,0.8383658969804618,0.04244752963352305
4,Taft vs Washington,784,Logistic Regression,0.8801020408163265,256,3,3,8,64,0.8673469387755102,gru,45,0.1,125,0.8954081632653061,RNN,0.8806366047745358,0.0005345639582092776
5,Madison vs Obama,822,Logistic Regression,0.9841759412739759,128,7,3,5,128,0.9781021912312565,lstm,40,0.45,75,0.9610705585955414,CNN,0.9802955665024631,-0.003880374771512818
6,Hoover vs Jackson,2630,Logistic Regression,0.8882105499345372,256,5,5,29,256,0.9186311787525511,lstm,10,0.65,75,0.9315589353612167,RNN,0.9078212290502794,0.019610679115742213
7,Johnson vs Nixon,1996,Logistic Regression,0.941382765531062,64,3,5,14,128,0.9218436873747495,gru,10,0.75,50,0.49599198396793587,CNN,0.9174503657262277,-0.023932399804834303
8,Ford vs Harrison,216,Logistic Regression,0.9166666666666667,256,3,3,17,256,0.4814814825852712,lstm,15,0.4,75,0.4814814825852712,RNN,0.6582278481012659,-0.25843881856540085
9,Jqadams vs Madison,822,Random Forest,0.7288242955245087,256,3,3,2,64,0.7177615580477563,gru,15,0.05,125,0.8248175196984099,RNN,0.8360277136258661,0.10720341810135747
10,Bclinton vs Hayes,1778,Logistic Regression,0.97918944225124,64,7,3,32,256,0.9707536562623538,lstm,35,0.1,75,0.9763779521524839,RNN,0.971687429218573,-0.007502013032667065
11,Bclinton vs Johnson,2496,Logistic Regression,0.9751602564102564,256,7,7,17,256,0.9671474358974359,gru,40,0.55,75,0.9751602564102564,RNN,0.9697452229299363,-0.0054150334803201305
12,Carter vs Gwbush,2178,Logistic Regression,0.7892505396654075,128,7,3,29,128,0.7649219467401286,lstm,50,0.55,150,0.8347107438016529,RNN,0.8269742679680567,0.03772372830264925
13,Adams vs Garfield,86,Logistic Regression,0.7911255411255411,256,7,7,26,256,0.6511627879253653,lstm,45,0.45,150,0.4418604685816654,CNN,0.5294117647058824,-0.26171377641965876
14,Adams vs Tyler,362,Random Forest,0.662881562881563,256,7,5,35,256,0.42541436760465084,lstm,20,0.2,125,0.42541436760465084,RNN,0.5968992248062015,-0.06598233807536147
15,Ford vs Reagan,1290,Logistic Regression,0.722451108589889,256,5,3,29,256,0.6511627908824951,lstm,5,0.5,50,0.7162790698598521,RNN,0.701923076923077,-0.020528031666812052
16,Fdroosevelt vs Wilson,2116,Logistic Regression,0.7826086956521738,128,7,5,26,256,0.777882797731569,gru,30,0.65,50,0.552930056710775,CNN,0.7545787545787546,-0.028029941073419273
17,Garfield vs Truman,86,Random Forest,0.8733766233766234,256,3,3,11,128,0.558139540428339,lstm,50,0.05,75,0.48837209648864216,CNN,0.4444444444444444,-0.42893217893217894
18,Fdroosevelt vs Jefferson,1044,Logistic Regression,0.8888888888888888,64,3,7,23,128,0.8946360153256705,lstm,20,0.25,75,0.8946360150973002,CNN,0.8770491803278688,-0.011839708561020013
19,Jackson vs Taft,3174,Logistic Regression,0.8216637390771264,64,7,5,32,256,0.8632640205018537,gru,30,0.2,100,0.9067422812963027,RNN,0.8865979381443299,0.06493419906720344
20,Nixon vs Polk,1996,Logistic Regression,0.9549098196392786,256,5,3,2,256,0.9478957914637182,gru,5,0.25,100,0.9579158315438785,RNN,0.9579158316633267,0.0030060120240481547
21,Coolidge vs Eisenhower,544,Logistic Regression,0.8051470588235294,256,3,5,29,64,0.7720588235294118,gru,30,0.3,50,0.4632352941176471,CNN,0.782312925170068,-0.02283413365346143
22,Buchanan vs Pierce,1604,Random Forest,0.7100997506234414,64,7,3,26,64,0.6845386533665836,gru,20,0.65,100,0.5211970074812967,CNN,0.6619883040935673,-0.04811144652987409
23,Jefferson vs Truman,1044,Logistic Regression,0.9224137931034483,64,7,3,11,64,0.9099616858237548,lstm,45,0.3,100,0.9406130268199234,RNN,0.9431192660550459,0.020705472951597637
24,Harrison vs Lbjohnson,216,Support Vector Machine,0.9305555555555556,256,7,3,26,128,0.8611111133186905,gru,10,0.75,150,0.4629629651705424,CNN,0.8771929824561403,-0.05336257309941528
25,Gwbush vs Roosevelt,3474,Logistic Regression,0.9458826952957211,256,3,7,35,64,0.953943580886586,gru,50,0.6,150,0.9660333909038572,RNN,0.9436870183758151,-0.0021956769199059645
26,Bharrison vs Taylor,286,Logistic Regression,0.7376271517996871,128,3,5,29,64,0.6853146861483167,gru,40,0.75,125,0.4615384617468694,CNN,0.7215189873417721,-0.016108164457914964
27,Mckinley vs Pierce,1604,Logistic Regression,0.773067331670823,128,7,3,26,128,0.7630922693266833,lstm,10,0.4,125,0.7942643391521197,RNN,0.7692307692307693,-0.0038365624400537035
28,Buchanan vs Wilson,2116,Logistic Regression,0.8454631379962193,256,5,7,11,64,0.8742911153119093,lstm,15,0.3,125,0.9064272211720227,RNN,0.9010773751224289,0.05561423712620961
29,Arthur vs Bharrison,1386,Logistic Regression,0.6984162349452783,256,5,5,35,256,0.6349206357807308,gru,45,0.7,150,0.7243867249027819,RNN,0.6766917293233083,-0.021724505621969925
30,Arthur vs Jackson,1386,Logistic Regression,0.7510681980976496,128,3,5,23,64,0.7460317465478036,lstm,25,0.6,125,0.7893217896658277,RNN,0.7698986975397973,0.018830499442147763
31,Monroe vs Taylor,286,Logistic Regression,0.727112676056338,128,7,3,8,64,0.5874125888714423,lstm,50,0.15,150,0.6783216808225725,RNN,0.6666666666666667,-0.06044600938967126
32,Bush vs Nixon,1996,Logistic Regression,0.7254509018036073,128,5,3,17,256,0.7494989981154402,gru,10,0.7,125,0.8126252506204502,RNN,0.8077709611451943,0.08232005934158704
33,Gwbush vs Mckinley,2532,Logistic Regression,0.9656398104265402,128,3,7,23,256,0.9612954187355524,gru,20,0.6,125,0.9739336492890995,RNN,0.9710258418167581,0.005386031390217871
34,Fdroosevelt vs Jackson,3956,Logistic Regression,0.9325075834175935,128,7,3,23,256,0.9307381193727043,gru,45,0.75,150,0.9448938322139582,RNN,0.9530685920577617,0.020561008640168188
35,Coolidge vs Ford,1290,Logistic Regression,0.8658947560717651,128,3,3,17,128,0.8682170544483865,lstm,30,0.5,50,0.8573643411314764,CNN,0.8492307692307693,-0.016663986840995793
36,Jqadams vs Taylor,286,Logistic Regression,0.7099960876369327,256,3,3,26,256,0.4475524490113025,gru,25,0.2,50,0.5384615405456169,RNN,0.0,-0.7099960876369327
37,Lbjohnson vs Roosevelt,5502,Logistic Regression,0.9013099894291754,64,5,5,23,128,0.9211195925719865,gru,25,0.2,150,0.950926935334762,RNN,0.9455322178711284,0.044222228441953004
38,Bclinton vs Grant,2660,Logistic Regression,0.9714285714285714,256,3,5,35,64,0.9759398496240601,lstm,10,0.15,125,0.9744360898670398,CNN,0.9726128793486307,0.001184307920059302
39,Johnson vs Madison,822,Random Forest,0.8029007814349989,256,5,3,23,128,0.805352799938833,lstm,20,0.5,50,0.8467153283221298,RNN,0.8465116279069766,0.04361084647197777
40,Ford vs Jefferson,1044,Logistic Regression,0.9185823754789272,64,7,3,23,256,0.9157088124889067,lstm,25,0.45,125,0.9463601527999644,RNN,0.9343629343629343,0.01578055888400709
41,Eisenhower vs Hoover,544,Logistic Regression,0.8253676470588236,256,5,3,32,64,0.75,gru,20,0.55,75,0.8566176470588235,RNN,0.8432835820895522,0.017915935030728636
42,Pierce vs Vanburen,1604,Logistic Regression,0.7281795511221945,256,3,7,23,64,0.7057356608478803,lstm,30,0.05,150,0.7518703241895262,RNN,0.7111111111111111,-0.01706844001108332
43,Johnson vs Wilson,2116,Logistic Regression,0.8464083175803403,256,7,5,14,64,0.8591682419659735,gru,35,0.4,50,0.8837429111531191,RNN,0.8746518105849581,0.028243493004617815
44,Adams vs Harding,362,Logistic Regression,0.8094932844932845,256,3,3,35,128,0.7955801111558525,lstm,10,0.35,50,0.5193370170685467,CNN,0.8152173913043477,0.005724106811063168
45,Coolidge vs Ford,1290,Logistic Regression,0.8596883833624983,128,5,3,11,64,0.8527131782945736,lstm,25,0.7,100,0.8651162791621777,RNN,0.8496124031007752,-0.010075980261723072
46,Kennedy vs Vanburen,1640,Logistic Regression,0.9396341463414635,128,3,3,2,64,0.9365853658536586,gru,15,0.7,150,0.94024390214827,RNN,0.9406060606060606,0.0009719142645970846
47,Arthur vs Hayes,1386,Logistic Regression,0.6565524479019174,256,7,3,8,64,0.5670995673145911,lstm,30,0.35,125,0.5959595965616631,RNN,0.619718309859155,-0.036834138042762365
48,Johnson vs Monroe,1372,Logistic Regression,0.8017492711370262,64,7,7,29,64,0.8032069972583226,gru,50,0.65,50,0.8483965009364025,RNN,0.8552097428958052,0.053460471758778993
49,Kennedy vs Obama,4010,Logistic Regression,0.8346574547813645,256,5,3,8,128,0.886783042453471,lstm,15,0.35,125,0.9112219451966131,RNN,0.8871873404798366,0.052529885698472056
50,Lbjohnson vs Madison,822,Logistic Regression,0.9537887757518352,128,7,5,5,64,0.9440389298754597,gru,10,0.65,75,0.9051094905013296,CNN,0.9307875894988067,-0.023001186253028494
51,Cleveland vs Jackson,4004,Logistic Regression,0.763986013986014,256,3,5,17,64,0.8396603397794299,lstm,10,0.6,50,0.8416583417774318,RNN,0.8661870503597123,0.10220103637369837
52,Bharrison vs Kennedy,2156,Logistic Regression,0.9035250463821892,64,5,5,20,64,0.9100185530968632,gru,50,0.5,100,0.9415584412266903,RNN,0.936086529006883,0.03256148262469383
53,Arthur vs Wilson,1386,Logistic Regression,0.8585938931552031,128,7,5,2,256,0.8672438676739151,gru,25,0.5,75,0.8802308804028994,RNN,0.8669527896995708,0.008358896544367722
54,Bclinton vs Vanburen,1640,Logistic Regression,0.9847560975609756,128,3,3,17,64,0.9890243899531481,gru,20,0.1,125,0.9865853658536585,CNN,0.9886621315192744,0.0039060339582988046
55,Bush vs Coolidge,2246,Logistic Regression,0.9251923674678542,64,5,3,8,128,0.9162956366874443,gru,5,0.75,100,0.931433659839715,RNN,0.9377162629757785,0.01252389550792432
56,Bclinton vs Tyler,1812,Logistic Regression,0.9834437086092715,128,3,7,23,128,0.9801324503311258,lstm,15,0.45,50,0.9867549668874173,RNN,0.9824561403508772,-0.0009875682583943002
57,Buchanan vs Wilson,2116,Logistic Regression,0.8506616257088846,128,3,3,11,64,0.8837429111531191,lstm,35,0.6,150,0.8913043478260869,RNN,0.9013539651837524,0.05069233947486784
58,Johnson vs Monroe,1372,Random Forest,0.8097667638483965,64,5,7,2,64,0.7973760938157841,lstm,5,0.6,150,0.80903790104841,RNN,0.8061366806136682,-0.003630083234728354
59,Cleveland vs Jefferson,1044,Logistic Regression,0.8084291187739463,64,7,3,29,256,0.7432950187003475,gru,20,0.05,150,0.8620689655172413,RNN,0.8582375478927203,0.049808429118774034
60,Fillmore vs Truman,1032,Logistic Regression,0.9467054263565892,64,7,3,26,256,0.936046511627907,gru,35,0.15,75,0.9496124031007752,RNN,0.9373737373737374,-0.009331688982851749
61,Kennedy vs Nixon,1996,Random Forest,0.7404809619238477,256,3,3,20,256,0.7665330661322646,lstm,50,0.15,75,0.8296593185178264,RNN,0.833170731707317,0.09268976978346932
62,Grant vs Hoover,2630,Logistic Regression,0.8471505137564596,64,3,5,35,256,0.8486692015209125,gru,35,0.05,75,0.9064638783269962,RNN,0.895500725689405,0.04835021193294542
63,Bharrison vs Lincoln,2156,Logistic Regression,0.8181818181818181,256,3,5,5,256,0.8348794068608966,gru,10,0.6,125,0.8413729130226517,RNN,0.8122020972354623,-0.005979720946355793
64,Grant vs Pierce,1604,Logistic Regression,0.7076059850374066,256,7,5,14,64,0.7169576059850374,gru,5,0.7,50,0.7256857855361596,RNN,0.7054361567635904,-0.0021698282738161767
65,Ford vs Polk,1290,Logistic Regression,0.9379891544718575,256,5,3,11,128,0.9441860465116279,gru,45,0.65,125,0.951937984496124,RNN,0.9395770392749244,0.0015878848030669301
66,Nixon vs Polk,1996,Logistic Regression,0.9569138276553106,256,3,3,20,64,0.9619238476953907,lstm,10,0.1,50,0.966933867735471,RNN,0.9664694280078896,0.009555600352578963
67,Obama vs Taylor,286,Logistic Regression,0.9580888106416275,256,5,3,32,128,0.951048951048951,lstm,35,0.25,150,0.951048951048951,RNN,0.9503546099290779,-0.007734200712549599
68,Gwbush vs Kennedy,3474,Logistic Regression,0.8295848955046587,64,7,3,32,128,0.8416810593319544,gru,45,0.45,50,0.8940702361077774,RNN,0.8940628637951106,0.06447796829045183
69,Taft vs Vanburen,1640,Logistic Regression,0.8109756097560976,64,7,3,14,64,0.7817073167824163,gru,40,0.2,100,0.842682927410777,RNN,0.8329466357308585,0.02197102597476086
70,Ford vs Hayes,1290,Logistic Regression,0.9341119743091745,256,3,5,11,64,0.9348837209302325,gru,35,0.25,50,0.9550387596899225,RNN,0.9544740973312403,0.02036212302206586
71,Adams vs Nixon,362,Logistic Regression,0.942002442002442,64,5,5,17,64,0.8950276246386997,gru,15,0.25,100,0.9171270721525119,RNN,0.9213483146067416,-0.020654127395700383
72,Johnson vs Taft,2496,Logistic Regression,0.8389423076923077,128,3,7,23,128,0.8397435897435898,lstm,50,0.15,125,0.8405448717948718,RNN,0.8286403861625101,-0.010301921529797586
73,Coolidge vs Lincoln,2332,Logistic Regression,0.8271869639794168,64,3,7,17,256,0.8379073757454625,lstm,45,0.5,75,0.8704974271012007,RNN,0.8484848484848486,0.021297884505431797
74,Coolidge vs Johnson,2332,Random Forest,0.820754716981132,128,7,7,35,64,0.8421955401042722,gru,20,0.2,125,0.8816466550270853,RNN,0.8610169491525425,0.04026223217141045
75,Grant vs Roosevelt,2660,Logistic Regression,0.7654135338345864,64,3,5,29,256,0.7338345861972723,gru,20,0.65,75,0.8172932332619689,RNN,0.799110452186805,0.03369691835221855
76,Adams vs Pierce,362,Random Forest,0.6768315018315019,256,3,7,35,256,0.6740331518057302,lstm,10,0.45,50,0.44198895035856994,CNN,0.6629834254143645,-0.013848076417137367
77,Obama vs Wilson,2116,Logistic Regression,0.9045368620037808,64,5,3,17,128,0.9262759924385633,lstm,10,0.15,150,0.946124763705104,RNN,0.9447619047619047,0.040225042758123886
78,Adams vs Jackson,362,Random Forest,0.7706349206349206,64,5,3,32,256,0.6795580136841832,gru,50,0.2,100,0.7348066324687136,RNN,0.806282722513089,0.035647801878168406
79,Buchanan vs Jqadams,940,Logistic Regression,0.776595744680851,256,5,3,32,128,0.7702127662110836,gru,45,0.2,100,0.8127659564322613,RNN,0.8170731707317073,0.04047742605085625
80,Bharrison vs Jqadams,940,Random Forest,0.8021276595744682,256,5,5,14,256,0.8212765970128648,gru,50,0.2,100,0.8680851063829788,RNN,0.8571428571428571,0.05501519756838891
81,Carter vs Tyler,1812,Logistic Regression,0.9652317880794702,128,7,5,14,256,0.9624724059178603,gru,10,0.25,150,0.9547461369969198,CNN,0.9390519187358917,-0.02617986934357852
82,Garfield vs Mckinley,86,Random Forest,0.7792207792207793,128,5,3,26,256,0.558139540428339,gru,40,0.35,75,0.4883720971817194,CNN,0.6,-0.17922077922077928
83,Bharrison vs Roosevelt,2156,Logistic Regression,0.7365491651205938,256,3,7,5,64,0.7615955474204168,gru,20,0.5,75,0.7820037106857229,RNN,0.7714016933207902,0.034852528200196464
84,Bush vs Carter,2178,Logistic Regression,0.7336945156502968,64,5,3,2,128,0.7263544536271809,lstm,50,0.2,50,0.768595041322314,RNN,0.759660697455231,0.025966181804934263
85,Taylor vs Wilson,286,Logistic Regression,0.8179773082942097,256,3,5,26,64,0.7132867149539761,gru,15,0.5,100,0.818181819849081,RNN,0.8169014084507041,-0.0010758998435055345
86,Hoover vs Lincoln,2630,Logistic Regression,0.8961991043381308,64,7,3,23,256,0.8844106463878327,gru,10,0.6,75,0.9231939163498099,RNN,0.9226361031518625,0.026436998813731738
87,Grant vs Jqadams,940,Logistic Regression,0.7372340425531916,128,5,5,2,256,0.7106382973650669,lstm,30,0.4,50,0.7680851073975259,RNN,0.7318982387475539,-0.0053358038056376955
88,Bclinton vs Wilson,2116,Logistic Regression,0.9281663516068053,64,3,7,2,64,0.9243856332703214,lstm,5,0.3,75,0.9300567107750473,RNN,0.9301025163094128,0.0019361647026074902
89,Buchanan vs Monroe,1372,Logistic Regression,0.7602040816326531,128,7,3,5,256,0.6967930027416774,lstm,30,0.4,100,0.7973760927731373,RNN,0.755223880597015,-0.004980201035638121
90,Bclinton vs Reagan,4428,Logistic Regression,0.7529358626919602,64,3,5,11,256,0.7466124661785046,lstm,50,0.25,75,0.8026196928097519,RNN,0.7699779249448123,0.017042062252852097
91,Arthur vs Buchanan,1386,Logistic Regression,0.7712827539104796,256,7,3,8,256,0.7734487738788214,lstm,50,0.25,125,0.8340548343128629,RNN,0.830393487109905,0.05911073319942539
92,Bush vs Harding,862,Logistic Regression,0.9059916020671834,128,7,3,2,256,0.8747099769364377,lstm,35,0.6,50,0.9211136892334214,RNN,0.9260869565217391,0.02009535445455568
93,Taylor vs Washington,286,Logistic Regression,0.7760172143974962,128,3,5,23,64,0.7272727285231744,lstm,30,0.45,100,0.49650349942120636,CNN,0.7272727272727273,-0.048744487124768865
94,Carter vs Harrison,216,Random Forest,0.9305555555555556,256,5,3,14,256,0.9166666644590872,lstm,5,0.15,100,0.9351851851851852,RNN,0.9215686274509804,-0.008986928104575131
95,Cleveland vs Pierce,1604,Logistic Regression,0.7662094763092269,64,5,5,2,128,0.7556109725685786,gru,10,0.5,75,0.7855361596009975,RNN,0.7753623188405797,0.009152842531352845
96,Hoover vs Jefferson,1044,Logistic Regression,0.8840996168582376,128,7,3,5,128,0.8716475098069143,lstm,5,0.15,50,0.9137931036766461,RNN,0.8930817610062892,0.008982144148051652
97,Carter vs Jackson,2178,Logistic Regression,0.9609788181327577,256,3,3,29,64,0.9550045913682277,gru,30,0.15,75,0.9687786960514233,RNN,0.9668874172185431,0.005908599085785449
98,Grant vs Polk,2660,Random Forest,0.7030075187969924,128,7,5,14,256,0.7270676689040392,lstm,20,0.15,100,0.7827067667380312,RNN,0.763898916967509,0.060891398170516586
99,Cleveland vs Grant,2660,Random Forest,0.7052631578947368,128,7,3,8,128,0.719548872001189,gru,30,0.55,125,0.7398496238808883,RNN,0.6897106109324758,-0.015552546962261049
100,Lincoln vs Polk,2702,Random Forest,0.8182873109796187,64,5,3,14,256,0.8075499629903775,gru,50,0.35,150,0.848260547742413,RNN,0.8333333333333333,0.01504602235371455
101,Coolidge vs Fillmore,1032,Logistic Regression,0.812984496124031,256,5,3,32,256,0.75,gru,10,0.35,75,0.8410852713178295,RNN,0.8417132216014896,0.02872872547745864
102,Reagan vs Taylor,286,Random Forest,0.9510465571205007,256,7,3,11,256,0.916083916083916,lstm,50,0.45,50,0.9440559440559441,RNN,0.9197080291970804,-0.03133852792342029
103,Obama vs Polk,2760,Logistic Regression,0.981159420289855,256,7,3,8,256,0.9731884057971014,lstm,20,0.1,100,0.9797101449275363,RNN,0.9802487198244331,-0.0009107004654219653
104,Ford vs Nixon,1290,Random Forest,0.7100720150760533,64,7,3,11,128,0.7038759690846583,gru,10,0.1,150,0.7441860466040382,RNN,0.7419354838709676,0.03186346879491431
105,Fdroosevelt vs Hoover,2630,Logistic Regression,0.8117918789005936,256,7,3,2,64,0.84106463878327,lstm,20,0.75,50,0.870722433460076,RNN,0.8573643410852713,0.0455724621846777
106,Hoover vs Truman,1166,Logistic Regression,0.8559348962011015,256,5,3,20,256,0.8610634648370498,gru,40,0.45,100,0.8713550600343053,RNN,0.8635578583765113,0.007622962175409809
107,Mckinley vs Vanburen,1640,Logistic Regression,0.775609756097561,256,3,5,8,128,0.7951219509287578,gru,45,0.6,150,0.8195121957034599,RNN,0.8210023866348448,0.04539263053728382
108,Hayes vs Reagan,1778,Logistic Regression,0.9645637210243951,256,5,3,29,256,0.9741282339707537,lstm,50,0.55,125,0.9820022491153636,RNN,0.9766407119021134,0.012076990877718297
109,Tyler vs Washington,784,Logistic Regression,0.7040816326530612,128,5,5,35,64,0.6862244897959183,lstm,40,0.4,50,0.7423469387755102,RNN,0.7,-0.004081632653061273
110,Buchanan vs Madison,822,Logistic Regression,0.8005150367037651,64,5,5,14,64,0.7615571774705483,lstm,25,0.7,125,0.817518248030159,RNN,0.8425720620842573,0.04205702538049216
111,Cleveland vs Johnson,2496,Logistic Regression,0.7900641025641025,256,7,5,26,128,0.7988782051282052,lstm,30,0.5,100,0.8237179487179487,RNN,0.7965023847376788,0.006438282173576226
112,Nixon vs Reagan,1996,Logistic Regression,0.7179358717434869,64,7,3,11,256,0.6222444888585077,gru,40,0.5,125,0.7675350701402806,RNN,0.7592233009708739,0.04128742922738693
113,Grant vs Reagan,2660,Logistic Regression,0.9492481203007519,256,5,7,23,64,0.9451127819548872,lstm,10,0.7,150,0.9473684210526315,RNN,0.9471332836932242,-0.002114836607527648
114,Bclinton vs Gwbush,3474,Logistic Regression,0.7449591802644069,64,3,3,5,256,0.7294185377601652,gru,5,0.65,150,0.7714450202526275,RNN,0.7556325823223569,0.010673402057949977
115,Bclinton vs Kennedy,4010,Logistic Regression,0.853860076457255,256,5,3,32,256,0.8728179551122195,lstm,25,0.4,75,0.886284289306536,RNN,0.8690064260998517,0.015146349642596646
116,Arthur vs Fdroosevelt,1386,Logistic Regression,0.9162932484882811,128,5,3,17,256,0.8961038961899057,lstm,45,0.1,125,0.913419913505923,RNN,0.9025487256371815,-0.013744522851099616
117,Adams vs Vanburen,362,Logistic Regression,0.7155372405372405,64,5,3,17,256,0.6022099477151481,lstm,15,0.2,150,0.6298342557901836,RNN,0.6153846153846154,-0.10015262515262513
118,Bush vs Roosevelt,2246,Logistic Regression,0.9372260389111969,128,3,7,20,128,0.9243098842386465,gru,10,0.2,150,0.9341050756901158,RNN,0.9373913043478261,0.0001652654366292028
119,Buchanan vs Eisenhower,544,Logistic Regression,0.9136029411764706,256,5,3,26,256,0.9264705882352942,gru,50,0.4,75,0.9154411764705882,CNN,0.8941979522184301,-0.019404988958040437
120,Coolidge vs Polk,2332,Logistic Regression,0.8233276157804459,64,7,3,8,256,0.8327615782490725,lstm,5,0.3,75,0.8910806175979497,RNN,0.8958880139982502,0.07256039821780436
121,Ford vs Garfield,86,Logistic Regression,0.8371212121212122,256,5,3,17,128,0.6511627976284471,lstm,50,0.2,75,0.5348837243956189,CNN,0.7083333333333334,-0.12878787878787878
122,Harding vs Roosevelt,862,Logistic Regression,0.8074827734711456,128,5,3,20,256,0.8236658934097556,gru,50,0.45,150,0.8352668214840014,RNN,0.8252427184466019,0.0177599449754563
123,Gwbush vs Pierce,1604,Logistic Regression,0.986284289276808,128,7,3,32,128,0.9812967581047382,lstm,10,0.1,50,0.9750623441396509,CNN,0.9854014598540146,-0.0008828294227933853
124,Pierce vs Washington,784,Logistic Regression,0.7563775510204082,128,7,7,17,256,0.673469387755102,gru,40,0.4,125,0.8086734693877551,RNN,0.7768595041322313,0.020481953111823104
125,Carter vs Monroe,1372,Logistic Regression,0.9693877551020409,64,5,3,29,256,0.9810495626822158,lstm,40,0.7,100,0.967930029154519,CNN,0.9751824817518249,0.005794726649783977
126,Eisenhower vs Johnson,544,Logistic Regression,0.90625,256,7,5,23,64,0.8198529411764706,gru,30,0.4,125,0.875,RNN,0.8666666666666666,-0.039583333333333415
127,Buchanan vs Pierce,1604,Logistic Regression,0.7150872817955112,256,5,3,14,128,0.713216957605985,gru,5,0.35,50,0.7556109725685786,RNN,0.7417380660954712,0.02665078429996004
128,Gwbush vs Roosevelt,3474,Logistic Regression,0.9470394091412875,256,3,5,29,256,0.9504893495217094,lstm,50,0.75,75,0.9579735175933245,RNN,0.9551391254968767,0.00809971635558926
129,Fdroosevelt vs Wilson,2116,Random Forest,0.770321361058601,256,5,5,5,256,0.8251417769376181,lstm,20,0.65,125,0.8223062381852552,CNN,0.7960975609756098,0.025776199917008746
130,Fdroosevelt vs Garfield,86,Random Forest,0.7581168831168831,64,3,3,20,256,0.3953488399816114,gru,5,0.6,75,0.3953488399816114,RNN,0.0,-0.7581168831168831
131,Hoover vs Jackson,2630,Logistic Regression,0.8828960273509967,256,7,3,2,128,0.9209125475285171,lstm,50,0.2,50,0.9346007604562737,RNN,0.9377401998462721,0.0548441724952754
132,Johnson vs Reagan,2496,Logistic Regression,0.9519230769230769,64,7,3,29,128,0.9551282051282052,lstm,5,0.75,75,0.9647435897435898,RNN,0.96,0.008076923076923093
133,Harding vs Lbjohnson,862,Logistic Regression,0.879328165374677,64,3,3,11,64,0.8909512766552635,lstm,10,0.65,50,0.8723897913215884,CNN,0.8857808857808858,0.006452720406208812
134,Monroe vs Nixon,1372,Logistic Regression,0.9620991253644315,256,3,3,20,128,0.9635568513119533,gru,30,0.55,150,0.9679300286331955,RNN,0.96274217585693,0.0006430504924984648
135,Grant vs Kennedy,2660,Logistic Regression,0.91203007518797,64,5,7,2,64,0.893233082796398,gru,35,0.05,150,0.9398496237016262,RNN,0.935483870967742,0.023453795779772024
136,Cleveland vs Lincoln,2702,Logistic Regression,0.8441891299583608,128,3,5,11,256,0.850481125092524,gru,5,0.6,50,0.8652849741373831,RNN,0.8511301636788776,0.006941033720516798
137,Eisenhower vs Truman,544,Logistic Regression,0.7444852941176471,128,3,5,5,64,0.7058823529411765,gru,20,0.05,150,0.6838235294117647,CNN,0.6721311475409836,-0.0723541465766635
138,Grant vs Kennedy,2660,Logistic Regression,0.912781954887218,128,3,5,32,256,0.9090225560324533,gru,35,0.65,125,0.9255639094159119,RNN,0.9215070643642073,0.008725109476989235
139,Hoover vs Pierce,1604,Logistic Regression,0.9008728179551122,64,5,5,29,128,0.9014962593516209,gru,50,0.6,75,0.9239401496259352,RNN,0.911392405063291,0.010519587108178796
140,Cleveland vs Harding,862,Logistic Regression,0.8480350990525409,64,3,3,2,64,0.8051044087675497,lstm,20,0.45,100,0.8491879353113905,RNN,0.8471615720524017,-0.000873527000139207
141,Jefferson vs Johnson,1044,Random Forest,0.8065134099616859,64,7,3,17,64,0.7873563220674508,gru,50,0.25,75,0.8544061298114587,RNN,0.7922077922077922,-0.014305617753893607
142,Jefferson vs Nixon,1044,Logistic Regression,0.921455938697318,128,5,3,11,64,0.9233716475095786,gru,35,0.55,125,0.9310344823018801,RNN,0.9359223300970874,0.014466391399769352
143,Obama vs Tyler,1812,Logistic Regression,0.9839955849889626,128,7,5,26,256,0.976821191789825,lstm,45,0.4,150,0.9713024279929154,CNN,0.9703196347031963,-0.013675950285766292
144,Adams vs Vanburen,362,Logistic Regression,0.7070207570207571,64,7,3,26,64,0.6187845330211997,gru,5,0.65,125,0.5248618817461129,CNN,0.6632653061224489,-0.043755450898308124
145,Cleveland vs Mckinley,2532,Random Forest,0.7061611374407584,256,3,5,17,64,0.7172195889750175,lstm,30,0.15,75,0.7393364929851575,RNN,0.71719641401793,0.011035276577171627
146,Bharrison vs Fillmore,1032,Logistic Regression,0.7209302325581395,256,7,3,20,128,0.7325581395348837,lstm,45,0.5,50,0.7422480620155039,RNN,0.7151051625239006,-0.005825070034238933
147,Bharrison vs Tyler,1812,Logistic Regression,0.7637969094922737,256,7,5,17,128,0.778145695495816,lstm,20,0.05,150,0.8443708606639971,RNN,0.8240252897787144,0.06022838028644062
148,Bush vs Lbjohnson,2246,Random Forest,0.7466712340063816,64,3,3,2,128,0.6447016919232433,gru,10,0.15,150,0.7764915405164737,RNN,0.7636039250669046,0.016932691060522975
149,Jefferson vs Vanburen,1044,Logistic Regression,0.7921455938697318,128,5,3,2,256,0.7318007660551547,gru,5,0.2,150,0.7816091958590394,RNN,0.7666034155597723,-0.02554217830995953
150,Coolidge vs Jefferson,1044,Random Forest,0.8409961685823755,128,3,5,20,256,0.8026819918804242,lstm,50,0.25,125,0.8831417624521073,RNN,0.8692449355432781,0.028248766960902616
151,Bharrison vs Ford,1290,Logistic Regression,0.9263744399361575,256,7,3,20,128,0.9364341085271318,gru,5,0.4,125,0.9503875968992248,RNN,0.9467084639498433,0.02033402401368578
152,Reagan vs Tyler,1812,Logistic Regression,0.9679911699779249,64,5,3,11,256,0.9679911699779249,lstm,15,0.05,125,0.9657836644591612,CNN,0.9647577092511014,-0.0032334607268235116
153,Gwbush vs Vanburen,1640,Logistic Regression,0.9792682926829268,256,3,5,11,64,0.9768292682926829,lstm,50,0.75,125,0.9792682926829268,RNN,0.9767441860465117,-0.0025241066364151132
154,Ford vs Tyler,1290,Logistic Regression,0.9426307136126761,128,3,3,8,64,0.924031007751938,lstm,25,0.05,150,0.958139534883721,RNN,0.9587786259541985,0.016147912341522352
155,Buchanan vs Garfield,86,Logistic Regression,0.7792207792207793,256,5,3,14,128,0.6976744227631148,gru,20,0.65,150,0.5116279042044352,CNN,0.8,0.020779220779220786
156,Bclinton vs Hayes,1778,Logistic Regression,0.9780671120558762,64,5,3,20,64,0.9606299206564209,gru,25,0.2,100,0.9786276720103853,RNN,0.9763246899661782,-0.0017424220896979925
157,Garfield vs Wilson,86,Logistic Regression,0.7916666666666667,256,5,3,14,64,0.6279069809026496,gru,10,0.45,150,0.6279069809026496,RNN,0.0,-0.7916666666666667
158,Jackson vs Jefferson,1044,Logistic Regression,0.7576628352490421,256,3,3,35,128,0.747126436553239,lstm,10,0.7,50,0.7164750962421812,CNN,0.7714285714285714,0.013765736179529253
159,Adams vs Jefferson,362,Logistic Regression,0.7074175824175823,64,5,3,11,256,0.6629834270609017,lstm,15,0.3,150,0.7237569077238852,RNN,0.7,-0.007417582417582391
160,Buchanan vs Jackson,2198,Logistic Regression,0.7029019705249213,128,5,7,2,256,0.6742493174529488,lstm,20,0.4,50,0.7870791630922827,RNN,0.7811387900355873,0.07823681951066597
161,Garfield vs Taylor,86,Logistic Regression,0.7911255411255411,64,3,5,5,128,0.46511628461438553,lstm,25,0.5,100,0.6744186115819354,RNN,0.6818181818181819,-0.10930735930735924
162,Ford vs Harrison,216,Random Forest,0.9166666666666667,64,5,3,2,128,0.8425925903850131,gru,40,0.05,100,0.907407405199828,RNN,0.9090909090909091,-0.00757575757575768
163,Bclinton vs Bharrison,2156,Logistic Regression,0.9666048237476809,256,3,3,26,64,0.9693877556549596,lstm,35,0.3,125,0.9675324680853863,CNN,0.9596153846153845,-0.006989439132296327
164,Lbjohnson vs Wilson,2116,Logistic Regression,0.8653119092627599,64,3,7,23,64,0.8383742911153119,lstm,35,0.4,100,0.8761814744801513,RNN,0.8680248007085918,0.0027128914458318665
165,Ford vs Taylor,286,Logistic Regression,0.9162754303599374,128,3,5,29,128,0.8741258766267683,lstm,25,0.75,75,0.5104895111147341,CNN,0.8776978417266188,-0.038577588633318616
166,Nixon vs Roosevelt,1996,Logistic Regression,0.9033066132264529,256,3,5,23,128,0.8987975951903807,lstm,25,0.1,50,0.9178356713426854,RNN,0.900105152471083,-0.003201460755369867
167,Bush vs Roosevelt,2246,Logistic Regression,0.9327665391617663,128,7,3,26,128,0.9198575244879786,gru,40,0.75,150,0.9305431878895815,RNN,0.936355710549259,0.0035891713874927067
168,Gwbush vs Monroe,1372,Logistic Regression,0.9825072886297377,256,5,3,11,128,0.9825072886297376,lstm,5,0.6,50,0.9723032069970845,CNN,0.9738058551617874,-0.00870143346795027
169,Harrison vs Jackson,216,Logistic Regression,0.7314814814814814,128,5,7,29,64,0.5092592592592593,lstm,35,0.45,100,0.5833333333333334,RNN,0.0,-0.7314814814814814
170,Lincoln vs Taylor,286,Logistic Regression,0.8495696400625978,128,7,3,17,128,0.6083916104756869,lstm,40,0.55,150,0.8181818194322653,RNN,0.823529411764706,-0.026040228297891876
171,Fdroosevelt vs Roosevelt,3956,Logistic Regression,0.8417593528816987,64,5,3,17,256,0.859453993631928,lstm,35,0.05,75,0.8877654196157735,RNN,0.8925619834710744,0.05080263058937573
172,Bharrison vs Lincoln,2156,Logistic Regression,0.8246753246753247,64,5,5,29,64,0.8051948056371402,gru,30,0.05,125,0.8627087200727445,RNN,0.8489341983317886,0.024258873656463953
173,Carter vs Jackson,2178,Logistic Regression,0.9651089449541285,64,3,7,8,64,0.9494949494949495,gru,50,0.1,75,0.960514233241506,RNN,0.9604316546762589,-0.004677290277869561
174,Gwbush vs Lbjohnson,3474,Logistic Regression,0.7976400386057388,64,7,3,2,256,0.8025331030512378,gru,35,0.6,50,0.8652849740932642,RNN,0.8259620907524411,0.028322052146702248
175,Harding vs Taft,862,Random Forest,0.8318421619293712,64,3,5,14,256,0.8259860794394862,lstm,50,0.5,150,0.8259860791628986,CNN,0.8028846153846153,-0.028957546544755908
176,Pierce vs Taylor,286,Logistic Regression,0.6328736306729265,128,5,3,5,256,0.5734265744686127,gru,25,0.35,75,0.48951049055252877,CNN,0.6256410256410256,-0.007232605031900818
177,Coolidge vs Harding,862,Random Forest,0.7436369509043927,64,5,3,32,128,0.7262180980009711,gru,10,0.6,100,0.6032482605522581,CNN,0.6966824644549764,-0.046954486449416355
178,Garfield vs Jqadams,86,Random Forest,0.8262987012987013,256,5,3,17,256,0.5348837181579235,lstm,50,0.15,150,0.813953485599784,RNN,0.8421052631578947,0.01580656185919338
179,Carter vs Jefferson,1044,Logistic Regression,0.9434865900383143,128,7,3,35,256,0.89463601486893,gru,5,0.7,125,0.9540229885057471,RNN,0.9640287769784172,0.020542186940102902
180,Ford vs Gwbush,1290,Logistic Regression,0.7884040343826317,128,7,3,2,128,0.7550387597361277,lstm,45,0.2,50,0.8000000000462052,RNN,0.8231797919762258,0.03477575759359408
181,Adams vs Grant,362,Logistic Regression,0.7376984126984127,256,3,5,8,256,0.7292817689437234,gru,5,0.3,125,0.4696132611503917,CNN,0.75,0.012301587301587258
182,Arthur vs Obama,1386,Logistic Regression,0.9790691476070696,64,7,5,5,256,0.9682539682539683,gru,5,0.35,125,0.9725829725829725,RNN,0.9710982658959537,-0.00797088171111593
183,Harrison vs Madison,216,Logistic Regression,0.8518518518518519,64,3,7,14,64,0.7870370370370371,gru,45,0.6,75,0.5462962962962963,CNN,0.7647058823529412,-0.08714596949891062
184,Fillmore vs Garfield,86,Random Forest,0.7792207792207793,128,5,3,35,128,0.4418604678885881,lstm,50,0.65,100,0.34883721207463464,CNN,0.5172413793103449,-0.2619793999104344
185,Arthur vs Truman,1166,Logistic Regression,0.9356876382808454,64,5,5,35,128,0.9313893654538673,gru,30,0.55,75,0.9365351630524951,RNN,0.9312169312169313,-0.00447070706391417
186,Madison vs Truman,822,Logistic Regression,0.9452107506511959,64,5,5,8,64,0.912408759559158,lstm,20,0.2,125,0.9537712885225487,RNN,0.9526184538653367,0.007407703214140859
187,Bush vs Harrison,216,Random Forest,0.9537037037037037,256,3,3,5,64,0.9537037037037037,gru,25,0.3,75,0.9074074074074074,CNN,0.9444444444444444,-0.0092592592592593
188,Lbjohnson vs Lincoln,2702,Random Forest,0.9067395353933816,256,5,3,20,64,0.9252405625462621,lstm,10,0.15,100,0.9407846039970392,RNN,0.9430051813471503,0.03626564595376869
189,Garfield vs Mckinley,86,Random Forest,0.7884199134199135,256,3,3,20,128,0.6279069809026496,gru,30,0.1,150,0.4883720971817194,CNN,0.7692307692307692,-0.019189144189144303
190,Jackson vs Johnson,2496,Random Forest,0.7087339743589745,128,3,7,11,128,0.7131410256410257,lstm,45,0.15,150,0.7371794871794872,RNN,0.6660746003552397,-0.04265937400373476
191,Lbjohnson vs Obama,6064,Logistic Regression,0.8225593667546174,256,5,3,8,64,0.8901715041150519,gru,25,0.3,150,0.9165567280749218,RNN,0.9103585657370519,0.08779919898243449
192,Garfield vs Lincoln,86,Support Vector Machine,0.8046536796536796,128,5,3,2,256,0.3953488406746887,lstm,30,0.6,150,0.37209302672120026,CNN,0.0,-0.8046536796536796
193,Johnson vs Jqadams,940,Random Forest,0.8021276595744681,128,7,5,8,64,0.7851063819641763,lstm,45,0.3,50,0.8106382976187037,RNN,0.7965738758029978,-0.005553783771470311
194,Jackson vs Mckinley,2532,Logistic Regression,0.792259083728278,64,7,3,32,128,0.8159557663810574,gru,45,0.45,100,0.8238546599709027,RNN,0.8276972624798711,0.03543817875159305
195,Harding vs Nixon,862,Random Forest,0.9095122739018088,256,3,5,32,64,0.8839907193958344,gru,50,0.5,50,0.9164733178654292,RNN,0.9149425287356322,0.0054302548338234224
196,Roosevelt vs Vanburen,1640,Logistic Regression,0.8280487804878048,128,5,5,8,128,0.8585365850750993,lstm,5,0.15,150,0.8304878054595575,CNN,0.8495575221238938,0.021508741636088957
197,Hayes vs Madison,822,Logistic Regression,0.7907056594837794,256,7,5,11,64,0.7980535278355119,lstm,10,0.65,100,0.7712895380029423,CNN,0.7348066298342542,-0.0558990296495252
198,Madison vs Reagan,822,Logistic Regression,0.9562100402557423,64,3,5,26,128,0.9367396583522323,lstm,30,0.05,75,0.9610705596107056,RNN,0.9622641509433962,0.006054110687653935
199,Jackson vs Polk,2760,Logistic Regression,0.716304347826087,128,3,7,8,256,0.7456521739130435,gru,45,0.7,50,0.7710144927536232,RNN,0.7566742944317315,0.040369946605644524
200,Pierce vs Washington,784,Logistic Regression,0.7653061224489797,256,3,3,5,256,0.7474489795918368,lstm,10,0.65,125,0.6938775510204082,CNN,0.7240506329113924,-0.04125548953758729
201,Carter vs Gwbush,2178,Logistic Regression,0.7910997369131139,128,3,5,20,64,0.7869605142332415,lstm,45,0.65,125,0.8319559228650137,RNN,0.8388746803069055,0.047774943393791625
202,Carter vs Jefferson,1044,Logistic Regression,0.9425287356321839,128,7,3,26,64,0.9406130268199234,gru,40,0.4,100,0.9559386973180076,RNN,0.9500924214417744,0.007563685809590548
203,Fdroosevelt vs Lincoln,2702,Logistic Regression,0.8867488494411572,128,3,7,35,64,0.8985936344772864,gru,15,0.6,100,0.9148778683339817,RNN,0.9040892193308551,0.017340369889697893
204,Ford vs Nixon,1290,Random Forest,0.7294603195969462,128,5,3,17,128,0.7224806201550388,lstm,30,0.7,150,0.7472868217978367,RNN,0.7320872274143303,0.002626907817384061
205,Nixon vs Polk,1996,Logistic Regression,0.9529058116232465,64,5,5,11,256,0.938877755511022,lstm,50,0.3,100,0.9579158316633266,RNN,0.9527720739219713,-0.00013373770127522722
206,Jefferson vs Reagan,1044,Logistic Regression,0.9348659003831418,256,5,3,2,64,0.936781608967032,lstm,5,0.4,50,0.9348659001547714,CNN,0.9266547406082292,-0.008211159774912602
207,Truman vs Wilson,1166,Logistic Regression,0.8499240926422822,256,7,5,20,256,0.823327615780446,lstm,20,0.4,100,0.8627787307032591,RNN,0.8509212730318259,0.0009971803895436615
208,Harding vs Jackson,862,Logistic Regression,0.873498062015504,128,3,5,26,128,0.856148492155938,gru,10,0.55,100,0.8816705336426914,RNN,0.8747152619589976,0.0012171999434936742
209,Cleveland vs Mckinley,2532,Logistic Regression,0.7081358609794629,128,5,5,35,256,0.7030015799671553,gru,30,0.45,100,0.7338072670767846,RNN,0.7066557107641742,-0.0014801502152886892
210,Reagan vs Truman,1166,Logistic Regression,0.7358276844136893,256,5,3,2,64,0.5643224702895607,gru,40,0.1,50,0.778730703361243,RNN,0.7813620071684587,0.04553432275476943
211,Coolidge vs Gwbush,2332,Logistic Regression,0.9322469982847341,256,7,3,5,256,0.9339622641509434,gru,25,0.55,100,0.9596912518373689,RNN,0.9494614747307375,0.01721447644600338
212,Cleveland vs Truman,1166,Logistic Regression,0.9545409075930895,256,3,7,5,256,0.9485420240137221,lstm,25,0.75,125,0.9571183533447685,RNN,0.9490333919156415,-0.005507515677448005
213,Nixon vs Reagan,1996,Logistic Regression,0.7149298597194389,256,5,3,35,256,0.7164328656120147,gru,15,0.5,125,0.750501002004008,RNN,0.7554671968190855,0.040537337099646575
214,Cleveland vs Jackson,4004,Logistic Regression,0.763986013986014,64,7,5,17,64,0.7937062936467486,lstm,5,0.75,50,0.8486513487704388,RNN,0.8439646712463199,0.07997865726030595
215,Eisenhower vs Hoover,544,Logistic Regression,0.8198529411764706,64,5,3,5,128,0.7904411764705882,lstm,10,0.45,100,0.7977941176470589,RNN,0.7756653992395438,-0.044187541936926755
216,Taylor vs Washington,286,Logistic Regression,0.7133215962441315,256,5,3,14,64,0.7272727293568058,lstm,40,0.35,100,0.7342657350993657,RNN,0.7246376811594202,0.011316084915288682
217,Arthur vs Harrison,216,Logistic Regression,0.8842592592592593,128,7,3,26,64,0.8240740740740741,lstm,20,0.45,50,0.4814814803776918,CNN,0.8495575221238938,-0.03470173713536551
218,Lbjohnson vs Polk,2760,Logistic Regression,0.9543478260869565,64,5,5,29,64,0.9471014492753623,lstm,5,0.35,75,0.9572463768115942,RNN,0.9558291093410574,0.0014812832541009069
219,Roosevelt vs Vanburen,1640,Logistic Regression,0.825,128,3,5,29,64,0.8292682926829268,gru,35,0.7,150,0.8719512192214408,RNN,0.8706166868198308,0.04561668681983089
220,Carter vs Cleveland,2178,Logistic Regression,0.9618937196438209,64,3,7,32,128,0.953168044077135,lstm,50,0.6,100,0.9632690541781451,RNN,0.9595588235294119,-0.0023348961144089575
221,Buchanan vs Vanburen,1640,Logistic Regression,0.750609756097561,128,3,5,26,64,0.715853658245831,gru,5,0.5,50,0.8024390246809983,RNN,0.789873417721519,0.039263661623958
222,Fillmore vs Lincoln,1032,Random Forest,0.8275193798449613,128,3,3,8,256,0.7868217054263565,lstm,45,0.1,50,0.8255813953488372,RNN,0.7924528301886793,-0.035066549656281976
223,Garfield vs Hayes,86,Support Vector Machine,0.7418831168831169,256,3,5,35,64,0.5813953460649003,gru,10,0.15,50,0.7209302297858304,RNN,0.7346938775510204,-0.007189239332096475
224,Carter vs Taylor,286,Support Vector Machine,0.9335387323943662,64,3,3,17,64,0.9370629370629371,lstm,50,0.15,75,0.965034965034965,RNN,0.9517241379310345,0.018185405536668253
225,Cleveland vs Truman,1166,Logistic Regression,0.9493980370004236,256,7,3,32,128,0.9313893654538673,lstm,15,0.25,150,0.9365351630524951,RNN,0.9263803680981595,-0.023017668902264088
226,Arthur vs Vanburen,1386,Logistic Regression,0.7561176725358565,64,3,7,14,64,0.776334777022853,lstm,5,0.3,50,0.7359307364467934,CNN,0.7480438184663536,-0.008073854069502895
227,Eisenhower vs Mckinley,544,Logistic Regression,0.8823529411764706,256,7,3,17,128,0.8897058823529411,lstm,30,0.5,50,0.8713235294117647,CNN,0.8581560283687943,-0.02419691280767622
228,Buchanan vs Pierce,1604,Random Forest,0.7206982543640899,64,5,3,23,128,0.6945137157107232,lstm,10,0.6,50,0.5523690773067331,CNN,0.6812339331619538,-0.039464321202136055
229,Eisenhower vs Johnson,544,Logistic Regression,0.90625,128,5,7,17,128,0.8198529411764706,lstm,50,0.75,100,0.9007352941176471,RNN,0.8951048951048951,-0.011145104895104896
230,Johnson vs Madison,822,Logistic Regression,0.817552687662799,64,3,7,23,128,0.7615571795008769,lstm,45,0.55,150,0.7931873469167092,RNN,0.788546255506608,-0.02900643215619103
231,Bush vs Kennedy,2246,Logistic Regression,0.7747159685614783,64,5,3,2,256,0.7560106856634016,gru,50,0.15,75,0.8406055209260909,RNN,0.818348623853211,0.04363265529173277
232,Johnson vs Monroe,1372,Logistic Regression,0.805393586005831,128,5,3,5,256,0.8119533529434537,gru,50,0.55,50,0.8527696787789681,RNN,0.8594594594594593,0.054065873453628344
233,Hoover vs Truman,1166,Logistic Regression,0.8576354563856329,128,7,3,11,64,0.8524871355060034,gru,40,0.5,125,0.8610634648370498,RNN,0.8623548922056384,0.0047194358200055575
234,Cleveland vs Nixon,1996,Logistic Regression,0.9589178356713427,256,7,3,35,256,0.9579158316633266,gru,45,0.3,50,0.9749498997995992,RNN,0.974308300395257,0.015390464723914254
235,Arthur vs Nixon,1386,Logistic Regression,0.9509274374906298,64,7,3,5,64,0.9523809523809523,gru,45,0.05,100,0.9653679653679653,RNN,0.9653179190751444,0.014390481584514614
236,Bclinton vs Roosevelt,4428,Logistic Regression,0.9568654019873533,64,3,5,17,256,0.9539295392953929,gru,5,0.6,50,0.9652213188798555,RNN,0.9634970707525913,0.006631668765238019
237,Grant vs Johnson,2496,Random Forest,0.7307692307692307,64,3,7,5,128,0.6947115384615384,lstm,15,0.3,50,0.7387820512820513,RNN,0.6892857142857143,-0.04148351648351645
238,Arthur vs Washington,784,Logistic Regression,0.7806122448979591,64,7,7,14,128,0.7704081632653061,lstm,35,0.3,75,0.798469387755102,RNN,0.7926509186351706,0.012038673737211458
239,Garfield vs Lincoln,86,Random Forest,0.836038961038961,256,3,5,32,256,0.46511628253515375,lstm,30,0.75,75,0.46511628253515375,RNN,0.0,-0.836038961038961
240,Harding vs Lincoln,862,Logistic Regression,0.8514965546942291,64,3,7,11,128,0.8445475640816921,lstm,50,0.2,125,0.8538283065410889,RNN,0.8508771929824561,-0.0006193617117730144
241,Ford vs Vanburen,1290,Logistic Regression,0.9496110801299925,128,3,7,23,128,0.9379844962164413,lstm,50,0.65,100,0.9457364341085271,RNN,0.9373040752351098,-0.012307004894882678
242,Hayes vs Johnson,1778,Logistic Regression,0.7581523939670007,128,5,3,29,64,0.7154105744828524,gru,35,0.3,150,0.7772778401358725,RNN,0.7766323024054983,0.01847990843849756
243,Monroe vs Wilson,1372,Logistic Regression,0.8739067055393586,64,5,7,23,64,0.8629737604116212,gru,5,0.2,75,0.9008746350471897,RNN,0.8958333333333333,0.021926627793974696
244,Gwbush vs Harding,862,Logistic Regression,0.9036660206718347,256,3,3,11,128,0.8816705340575729,gru,10,0.05,75,0.8886310909021204,RNN,0.8932461873638345,-0.010419833308000115
245,Coolidge vs Jefferson,1044,Random Forest,0.8132183908045977,64,7,3,32,128,0.816091953566248,gru,10,0.75,125,0.5057471264367817,CNN,0.778169014084507,-0.035049376720090675
246,Harrison vs Pierce,216,Logistic Regression,0.7962962962962963,256,7,3,26,256,0.5833333333333334,gru,10,0.45,150,0.7407407385331614,RNN,0.7200000000000001,-0.0762962962962962
247,Coolidge vs Grant,2332,Random Forest,0.7885934819897085,64,7,3,26,256,0.8233276159849215,gru,5,0.7,75,0.5986277873581515,CNN,0.7927927927927928,0.004199310803084333
248,Bush vs Harrison,216,Random Forest,0.9537037037037037,256,7,3,20,256,0.8981481459405687,gru,20,0.6,75,0.9074074074074074,RNN,0.9122807017543859,-0.041423001949317806
249,Madison vs Pierce,822,Logistic Regression,0.749390243902439,256,7,5,14,64,0.7396593658013355,gru,10,0.2,100,0.7688564495738696,RNN,0.774818401937046,0.025428158034606962
250,Lincoln vs Wilson,2116,Logistic Regression,0.8180529300567108,256,5,5,11,128,0.8232514177693762,gru,35,0.7,150,0.8525519848771267,RNN,0.8444444444444446,0.026391514387733794
251,Obama vs Roosevelt,5502,Logistic Regression,0.9509279862579281,256,5,5,5,256,0.9614685568884043,lstm,5,0.65,100,0.9614685565634061,CNN,0.9585714285714286,0.007643442313500559
252,Gwbush vs Taylor,286,Logistic Regression,0.9720755086071988,256,5,3,20,64,0.9090909090909091,lstm,25,0.15,150,0.9370629374797528,RNN,0.935251798561151,-0.036823710046047786
253,Buchanan vs Madison,822,Logistic Regression,0.8065829978688137,256,3,7,8,64,0.832116787741074,gru,15,0.7,125,0.5109489068497707,CNN,0.808411214953271,0.0018282170844572398
254,Carter vs Jefferson,1044,Logistic Regression,0.9415708812260537,128,5,3,29,128,0.9291187734896196,lstm,15,0.5,150,0.9463601527999644,RNN,0.9473684210526315,0.005797539826577824
255,Bush vs Hoover,2246,Logistic Regression,0.9189677812244277,256,3,7,23,128,0.9225289403383793,gru,45,0.45,50,0.9305431878895815,RNN,0.9290096406660824,0.010041859441654699
256,Polk vs Taylor,286,Logistic Regression,0.6365414710485133,128,7,3,23,64,0.5034965037049114,gru,30,0.4,75,0.47552447614969906,CNN,0.46969696969696967,-0.16684450135154366
257,Bush vs Harding,862,Logistic Regression,0.9176248923341946,64,7,3,2,256,0.8723897911832946,lstm,35,0.15,125,0.9118329469123185,RNN,0.9223744292237442,0.004749536889549599
258,Coolidge vs Mckinley,2332,Logistic Regression,0.7813036020583191,256,5,5,17,64,0.8207547170833699,lstm,30,0.4,75,0.8250428815444174,RNN,0.8190158465387823,0.037712244480463286
259,Bharrison vs Wilson,2116,Logistic Regression,0.8374291115311909,64,3,7,2,256,0.833648393194707,lstm,50,0.05,100,0.8931947069943289,RNN,0.885368126747437,0.047939015216246106
260,Reagan vs Vanburen,1640,Logistic Regression,0.9689024390243902,128,3,7,29,128,0.9719512195121951,lstm,25,0.55,125,0.9768292682926829,RNN,0.9692496924969249,0.0003472534725347254
261,Adams vs Fdroosevelt,362,Logistic Regression,0.8756715506715507,256,3,5,20,256,0.8674033159050494,lstm,20,0.2,150,0.8784530399912629,RNN,0.8606060606060606,-0.015065490065490073
262,Arthur vs Obama,1386,Logistic Regression,0.9776240609018674,256,7,3,23,256,0.9682539683399778,lstm,50,0.55,125,0.9754689754689755,RNN,0.9784791965566714,0.0008551356548039957
263,Polk vs Taft,2760,Logistic Regression,0.8105072463768116,64,7,3,23,256,0.841304347826087,gru,30,0.7,50,0.8855072463768116,RNN,0.8859709744298548,0.07546372805304324
264,Jefferson vs Reagan,1044,Logistic Regression,0.9300766283524904,64,5,5,29,256,0.9176245210727969,lstm,15,0.75,50,0.5191570883509756,CNN,0.9120287253141831,-0.018047903038307278
265,Cleveland vs Lbjohnson,4124,Logistic Regression,0.9544131910766247,64,3,7,8,256,0.961202715636456,gru,25,0.7,150,0.9733268669458642,RNN,0.9709302325581395,0.016517041481514783
266,Adams vs Lbjohnson,362,Logistic Regression,0.9336385836385837,256,5,5,23,64,0.9171270721525119,lstm,45,0.7,50,0.8397790065127841,CNN,0.9032258064516129,-0.030412777186970774
267,Jackson vs Madison,822,Logistic Regression,0.7591581813876391,256,3,3,2,128,0.6423357648280995,lstm,45,0.4,50,0.7420924582910654,RNN,0.6974358974358974,-0.06172228395174173
268,Adams vs Madison,362,Logistic Regression,0.6796092796092796,64,7,7,14,256,0.5856353617504816,gru,10,0.35,75,0.6795580126962609,RNN,0.6847826086956522,0.00517332908637258
269,Gwbush vs Madison,822,Logistic Regression,0.9793334122661614,64,3,5,5,128,0.948905109489051,gru,30,0.15,75,0.9732360097323601,RNN,0.9753694581280787,-0.003963954138082704
270,Buchanan vs Eisenhower,544,Logistic Regression,0.9191176470588236,64,3,5,14,64,0.8566176470588235,gru,30,0.65,100,0.8566176470588235,RNN,0.8487084870848708,-0.0704091599739528
271,Fdroosevelt vs Grant,2660,Logistic Regression,0.9011278195488721,256,3,3,17,128,0.9135338346760972,gru,30,0.6,100,0.9345864662550446,RNN,0.9325598259608412,0.03143200641196908
272,Nixon vs Wilson,1996,Logistic Regression,0.8672344689378757,256,7,3,23,128,0.8777555109025958,gru,25,0.3,50,0.9128256513026052,RNN,0.9250243427458616,0.05778987380798595
273,Monroe vs Wilson,1372,Logistic Regression,0.8724489795918366,64,3,3,17,64,0.8498542272314733,gru,50,0.2,150,0.9256559763288359,RNN,0.9248895434462444,0.05244056385440776
274,Carter vs Johnson,2178,Logistic Regression,0.9550020237452779,256,7,7,17,256,0.9467401285583104,gru,40,0.5,150,0.9550045913682277,RNN,0.9491525423728814,-0.005849481372396492
275,Bush vs Wilson,2116,Logistic Regression,0.8913043478260869,128,7,3,26,64,0.9007561436672968,gru,20,0.5,50,0.9338374291115312,RNN,0.9264565425023878,0.03515219467630093
276,Harding vs Jqadams,862,Logistic Regression,0.8897502153316107,64,7,3,35,256,0.8839907193958344,gru,35,0.1,75,0.9327146171693735,RNN,0.9178082191780823,0.028058003846471613
277,Garfield vs Jqadams,86,Support Vector Machine,0.8024891774891775,256,5,3,32,128,0.4651162818420765,lstm,20,0.05,125,0.8139534869859385,RNN,0.7999999999999999,-0.002489177489177541
278,Hayes vs Washington,784,Logistic Regression,0.7920918367346939,128,5,7,20,64,0.75,lstm,50,0.2,75,0.8061224489795918,RNN,0.7871287128712872,-0.004963123863406693
279,Cleveland vs Pierce,1604,Logistic Regression,0.7518703241895262,256,3,5,11,128,0.7593516209476309,gru,40,0.2,50,0.8054862842892768,RNN,0.8053204353083434,0.053450111118817256
280,Harrison vs Taylor,216,Logistic Regression,0.837962962962963,64,3,3,32,256,0.7685185207260979,lstm,10,0.5,125,0.4722222200146428,CNN,0.8421052631578947,0.0041423001949316696
281,Lbjohnson vs Taft,3174,Logistic Regression,0.9272257092125367,64,7,3,23,64,0.9350976683692355,gru,10,0.2,150,0.9508506618886153,RNN,0.9519050593379138,0.024679350125377142
282,Fdroosevelt vs Lincoln,2702,Logistic Regression,0.8841579005040543,64,7,3,11,256,0.8852701702442635,gru,50,0.2,100,0.9370836417468542,RNN,0.9314868804664723,0.04732897996241803
283,Hoover vs Taylor,286,Random Forest,0.8846341940532081,64,7,3,29,256,0.769230770898032,lstm,5,0.45,150,0.7972027980364286,RNN,0.8157894736842105,-0.06884472036899758
284,Vanburen vs Wilson,1640,Logistic Regression,0.8591463414634146,128,5,3,32,64,0.8621951213697108,gru,45,0.55,150,0.9024390238087352,RNN,0.8902900378310215,0.031143696367606832
285,Coolidge vs Mckinley,2332,Random Forest,0.7795883361921098,128,3,5,5,256,0.775300171322111,lstm,40,0.1,50,0.8130360206854282,RNN,0.8036454018227008,0.024057065630591068
286,Gwbush vs Harrison,216,Random Forest,0.9583333333333333,128,5,3,8,256,0.8703703703703703,gru,20,0.1,50,0.5000000022075795,CNN,0.8695652173913044,-0.08876811594202882
287,Adams vs Wilson,362,Random Forest,0.7899877899877901,64,5,3,35,64,0.7679558024222021,gru,15,0.55,150,0.8287292830851856,RNN,0.837696335078534,0.04770854509074396
288,Kennedy vs Mckinley,2532,Logistic Regression,0.9071879936808847,128,3,3,20,256,0.9028436019898968,gru,25,0.3,150,0.9312796209472427,RNN,0.9229559748427673,0.015767981161882605
289,Jefferson vs Vanburen,1044,Logistic Regression,0.7835249042145593,256,7,3,20,64,0.7547892722590216,gru,15,0.35,100,0.7988505744842734,RNN,0.8052930056710774,0.021768101456518085
290,Cleveland vs Reagan,4124,Logistic Regression,0.962172647914646,128,7,3,35,128,0.9655674103390928,lstm,35,0.4,50,0.9689621724744772,RNN,0.9682080924855491,0.0060354445709031035
291,Madison vs Taylor,286,Random Forest,0.7657472613458529,128,3,5,17,64,0.5524475549484467,gru,35,0.55,150,0.5244755273932343,CNN,0.0,-0.7657472613458529
292,Bharrison vs Buchanan,2156,Logistic Regression,0.7926716141001855,256,3,3,29,128,0.8423005571391896,gru,45,0.45,75,0.877551020076412,RNN,0.8548812664907651,0.06220965239057963
293,Lincoln vs Roosevelt,2702,Random Forest,0.8364108042954197,256,7,3,29,64,0.8386380460242886,lstm,15,0.05,150,0.8586232421752878,RNN,0.8531571218795888,0.016746317584169113
294,Buchanan vs Fdroosevelt,2198,Logistic Regression,0.9349362477231329,64,7,3,14,256,0.9299363060036608,gru,35,0.25,50,0.9581437670609645,RNN,0.9584487534626038,0.023512505739470946
295,Harding vs Lincoln,862,Random Forest,0.8503552971576227,256,5,3,20,64,0.8677494199535963,lstm,5,0.55,75,0.8422273784668429,CNN,0.832535885167464,-0.017819411990158684
296,Bush vs Johnson,2246,Logistic Regression,0.9701663907232256,128,7,3,14,128,0.9590382902938558,lstm,5,0.7,100,0.9519145146927872,CNN,0.9581478183437221,-0.012018572379503545
297,Arthur vs Garfield,86,Random Forest,0.699134199134199,128,3,3,23,128,0.6511627941630608,gru,30,0.25,150,0.5581395321114119,CNN,0.6129032258064516,-0.08623097332774743
298,Hayes vs Tyler,1778,Logistic Regression,0.7485967709282316,256,7,3,23,64,0.735658043549219,gru,45,0.25,100,0.7975253085988177,RNN,0.7899343544857768,0.04133758355754513
299,Pierce vs Taylor,286,Random Forest,0.6432413928012519,64,3,5,17,256,0.4685314714491784,gru,50,0.5,125,0.4825174850183767,RNN,0.2653061224489796,-0.3779352703522723
300,Bush vs Cleveland,2246,Logistic Regression,0.9723945547160955,256,3,5,8,64,0.9697239536954586,gru,50,0.1,150,0.9786286731967943,RNN,0.9734345351043643,0.001039980388268802
301,Lincoln vs Vanburen,1640,Random Forest,0.8439024390243902,256,5,3,23,64,0.831707316491662,lstm,15,0.1,100,0.8536585371668746,RNN,0.8325000000000001,-0.011402439024390087
302,Jackson vs Polk,2760,Logistic Regression,0.7297101449275363,256,7,5,11,256,0.7355072463768116,lstm,5,0.4,75,0.7724637681159421,RNN,0.7679892400806995,0.03827909515316319
303,Buchanan vs Obama,2198,Logistic Regression,0.9813454214273887,128,5,3,32,128,0.978161965423112,gru,10,0.05,100,0.9590536851683349,CNN,0.978021978021978,-0.0033234434054106865
304,Bclinton vs Kennedy,4010,Logistic Regression,0.8498752743764714,256,3,3,2,128,0.887281795570678,lstm,45,0.2,125,0.9012468828227455,RNN,0.8861911987860395,0.0363159244095681
305,Gwbush vs Jackson,3474,Logistic Regression,0.9789869175332631,256,5,3,23,256,0.9804260219111138,gru,15,0.75,75,0.9838802533446198,RNN,0.982638888888889,0.0036519713556258937
306,Harding vs Kennedy,862,Random Forest,0.8190514642549527,64,7,3,8,256,0.7424593973049155,lstm,15,0.05,75,0.8515081210645334,RNN,0.8482142857142858,0.029162821459333133
307,Gwbush vs Roosevelt,3474,Logistic Regression,0.952789503269291,128,5,5,32,256,0.9447322970639033,lstm,20,0.35,50,0.9591249280368451,RNN,0.9589201877934272,0.006130684524136232
308,Fdroosevelt vs Pierce,1604,Logistic Regression,0.9395261845386533,256,7,3,35,64,0.9226932668329177,gru,45,0.5,125,0.9463840399002493,RNN,0.9302915082382762,-0.00923467630037711
309,Adams vs Mckinley,362,Logistic Regression,0.7571428571428571,256,7,5,17,256,0.44751381330727213,gru,15,0.2,150,0.6850828758919436,RNN,0.6419753086419753,-0.11516754850088184
310,Ford vs Hoover,1290,Logistic Regression,0.8380165567371114,128,7,3,29,128,0.8263565891472868,gru,40,0.3,75,0.8744186046511628,RNN,0.8621236133122029,0.02410705657509149
311,Monroe vs Polk,1372,Logistic Regression,0.7215743440233235,128,7,3,35,256,0.5641399415171876,gru,25,0.25,50,0.8658892130017628,RNN,0.8414634146341463,0.11988907061082277
312,Monroe vs Nixon,1372,Logistic Regression,0.9620991253644315,128,7,3,26,64,0.934402332361516,lstm,35,0.55,75,0.9387755096827582,RNN,0.9476831091180867,-0.01441601624634481
313,Adams vs Wilson,362,Logistic Regression,0.7846153846153847,128,5,3,14,128,0.7790055261791081,gru,20,0.15,100,0.8066298352420659,RNN,0.8241206030150754,0.03950521839969068
314,Coolidge vs Mckinley,2332,Logistic Regression,0.7787307032590052,128,7,3,29,128,0.777873070019187,gru,40,0.7,75,0.8336192106709881,RNN,0.8174936921783011,0.03876298891929597
315,Jackson vs Jefferson,1044,Logistic Regression,0.7547892720306514,128,5,3,20,256,0.7318007660551547,lstm,35,0.6,150,0.7356321843647865,RNN,0.6785714285714286,-0.07621784345922278
316,Coolidge vs Reagan,2332,Logistic Regression,0.9030874785591767,64,3,5,20,128,0.9159519725557461,gru,35,0.2,100,0.9433962264150944,RNN,0.942390369733448,0.039302891174271326
317,Roosevelt vs Washington,784,Logistic Regression,0.8303571428571428,64,5,5,23,128,0.7346938775510204,lstm,10,0.2,50,0.8112244897959183,RNN,0.8211586901763226,-0.009198452680820202
318,Bush vs Kennedy,2246,Logistic Regression,0.7769314454995846,256,5,3,11,256,0.7782724844698171,lstm,30,0.45,75,0.809439002697954,RNN,0.7676190476190476,-0.009312397880536949
319,Bharrison vs Taft,2156,Random Forest,0.7342300556586271,256,7,3,11,256,0.7142857143962981,gru,5,0.05,150,0.7467532469744143,RNN,0.7406049495875344,0.0063748939289073325
320,Adams vs Reagan,362,Logistic Regression,0.9392857142857143,64,5,5,35,128,0.9171270724818192,lstm,50,0.7,50,0.5303867429659511,CNN,0.9222222222222224,-0.017063492063491892
321,Hayes vs Hoover,1778,Logistic Regression,0.8447628808583865,256,7,3,2,128,0.8661417321493708,lstm,35,0.65,125,0.8830146230380098,RNN,0.875268817204301,0.030505936345914586
322,Johnson vs Reagan,2496,Logistic Regression,0.9503205128205128,64,5,5,35,128,0.9439102564102564,lstm,30,0.65,100,0.9511217948717948,RNN,0.9374478732276897,-0.012872639592823032
323,Bharrison vs Cleveland,2156,Random Forest,0.6818181818181819,256,7,5,35,256,0.6985157700549252,lstm,35,0.6,100,0.7328385902026147,RNN,0.701789264413519,0.019971082595337086
324,Lbjohnson vs Roosevelt,5502,Logistic Regression,0.9038547832980972,128,5,3,32,128,0.9247546343749673,lstm,35,0.05,50,0.942929843389871,RNN,0.9411764705882353,0.03732168729013807
325,Fillmore vs Washington,784,Logistic Regression,0.7525510204081634,64,3,5,26,64,0.6811224489795918,gru,5,0.5,50,0.4744897959183674,CNN,0.6371191135734071,-0.11543190683475624
326,Madison vs Nixon,822,Logistic Regression,0.9635093535401373,64,3,5,35,128,0.9391727508419622,lstm,15,0.35,50,0.9659367396593674,RNN,0.9686746987951808,0.005165345255043419
327,Jefferson vs Reagan,1044,Logistic Regression,0.9300766283524904,256,3,7,2,256,0.9348659003831418,lstm,40,0.2,125,0.9367816094237725,RNN,0.9333333333333335,0.0032567049808430726
328,Bclinton vs Harrison,216,Random Forest,0.962962962962963,64,5,3,11,128,0.9351851851851852,gru,10,0.1,150,0.5277777777777778,CNN,0.9310344827586207,-0.03192848020434236
329,Eisenhower vs Nixon,544,Logistic Regression,0.7959558823529411,128,7,3,32,256,0.7352941176470589,gru,35,0.65,50,0.5147058823529411,CNN,0.7335907335907336,-0.062365148762207556
330,Jqadams vs Kennedy,940,Logistic Regression,0.9244680851063829,128,3,7,5,128,0.9127659579540821,gru,45,0.7,50,0.485106383485997,CNN,0.9131313131313131,-0.01133677197506977
331,Madison vs Roosevelt,822,Random Forest,0.8260892730286526,256,5,5,17,128,0.8345498792156396,lstm,20,0.4,100,0.8613138704984438,RNN,0.8626506024096385,0.036561329380985885
332,Fdroosevelt vs Nixon,1996,Logistic Regression,0.7975951903807614,64,5,3,23,128,0.7955911822452812,gru,40,0.7,75,0.8406813626060027,RNN,0.8229273285568066,0.025332138176045182
333,Roosevelt vs Taft,3174,Logistic Regression,0.7240114223638194,64,3,5,32,256,0.6906112162812972,gru,5,0.6,150,0.7233774416012515,RNN,0.7184586699813548,-0.005552752382464665
334,Garfield vs Harrison,86,Random Forest,0.7451298701298701,256,3,3,17,128,0.4651162818420765,gru,10,0.25,125,0.4651162818420765,RNN,0.6349206349206349,-0.1102092352092352
335,Bclinton vs Truman,1166,Logistic Regression,0.8053329332015252,64,3,3,11,64,0.7821612351958993,lstm,15,0.5,50,0.8164665523156089,RNN,0.8116883116883117,0.006355378486786467
336,Bclinton vs Mckinley,2532,Logistic Regression,0.9699842022116903,64,3,7,5,64,0.9676145339652449,lstm,5,0.65,75,0.958135861073625,CNN,0.968798751950078,-0.0011854502616123197
337,Grant vs Mckinley,2532,Logistic Regression,0.6915481832543444,64,5,3,11,128,0.7116903633491312,lstm,50,0.2,100,0.7709320696985928,RNN,0.7658610271903323,0.07431284393598792
338,Fillmore vs Lbjohnson,1032,Logistic Regression,0.9496124031007752,64,7,3,17,64,0.9282945736434108,lstm,15,0.45,75,0.9457364341085271,RNN,0.9398058252427185,-0.00980657785805672
339,Bclinton vs Monroe,1372,Logistic Regression,0.9803206997084548,64,5,3,17,64,0.9737609329446064,gru,5,0.75,125,0.5262390668816191,CNN,0.9717514124293786,-0.008569287279076243
340,Fdroosevelt vs Hayes,1778,Logistic Regression,0.9190125518777204,64,5,3,2,64,0.925759279955895,gru,45,0.25,75,0.9482564673380857,RNN,0.9407894736842105,0.021776921806490157
341,Eisenhower vs Monroe,544,Logistic Regression,0.931985294117647,64,7,3,20,64,0.8933823529411765,lstm,30,0.1,100,0.9264705882352942,RNN,0.9111111111111111,-0.020874183006535874
342,Eisenhower vs Jqadams,544,Logistic Regression,0.9136029411764706,64,3,7,11,128,0.8455882352941176,lstm,35,0.3,125,0.8602941176470589,RNN,0.9041095890410958,-0.009493352135374722
343,Eisenhower vs Vanburen,544,Logistic Regression,0.9301470588235294,256,3,3,5,128,0.9044117647058824,gru,15,0.75,125,0.9080882352941176,RNN,0.9070631970260222,-0.02308386179750721
344,Fdroosevelt vs Madison,822,Logistic Regression,0.9197253137579919,128,5,7,32,256,0.9270073007203077,gru,20,0.65,100,0.9610705610609402,RNN,0.9601990049751243,0.0404736912171324
345,Jefferson vs Vanburen,1044,Logistic Regression,0.7816091954022988,256,5,5,20,128,0.47701149448124386,lstm,15,0.75,75,0.47126436804446226,CNN,0.6917293233082707,-0.08987987209402803
346,Fillmore vs Jqadams,940,Logistic Regression,0.7414893617021276,128,5,5,14,256,0.6808510648443343,gru,35,0.4,150,0.7617021279132112,RNN,0.7648261758691206,0.02333681416699296
347,Lincoln vs Taylor,286,Logistic Regression,0.8668818466353678,64,7,3,20,128,0.7692307700644007,gru,40,0.25,150,0.8251748260084566,RNN,0.8055555555555556,-0.061326291079812245
348,Monroe vs Nixon,1372,Logistic Regression,0.9642857142857143,128,7,3,23,256,0.9562682210530206,gru,45,0.25,150,0.9752186588921283,RNN,0.9722222222222222,0.007936507936507908
349,Hoover vs Wilson,2116,Logistic Regression,0.8185255198487713,64,3,5,11,128,0.8298676748582231,lstm,40,0.65,75,0.8676748582230623,RNN,0.8351219512195122,0.01659643137074085
350,Bclinton vs Ford,1290,Logistic Regression,0.817073053477684,128,3,5,35,256,0.7689922481544258,lstm,15,0.55,150,0.8248062016427979,RNN,0.8195121951219513,0.002439141644267284
351,Kennedy vs Pierce,1604,Logistic Regression,0.9314214463840399,256,7,3,32,128,0.9413965087281796,gru,15,0.4,50,0.9438902743142145,RNN,0.9445843828715365,0.013162936487496557
352,Garfield vs Obama,86,Logistic Regression,0.952922077922078,128,5,3,5,128,0.8372093009394269,lstm,25,0.55,50,0.4651162818420765,CNN,0.8780487804878048,-0.07487329743427318
353,Coolidge vs Truman,1166,Logistic Regression,0.868806783411006,128,3,3,23,256,0.8181818183862938,lstm,45,0.5,125,0.8644939967739439,RNN,0.8333333333333333,-0.035473450077672775
354,Harding vs Lincoln,862,Logistic Regression,0.8503499138673558,64,7,3,29,128,0.8329466360074461,gru,40,0.4,125,0.8932714617169374,RNN,0.8792710706150341,0.028921156747678256
355,Fillmore vs Johnson,1032,Logistic Regression,0.7403100775193798,128,3,7,35,64,0.7034883720930233,gru,15,0.75,100,0.7771317829457365,RNN,0.7771639042357275,0.036853826716347626
356,Grant vs Harrison,216,Logistic Regression,0.8240740740740741,128,3,7,2,128,0.7314814792739021,gru,25,0.15,50,0.6203703703703703,CNN,0.7027027027027027,-0.12137137137137133
357,Buchanan vs Lbjohnson,2198,Logistic Regression,0.9572371253518794,64,7,3,23,64,0.9463148316651502,lstm,20,0.15,50,0.9754322111010009,RNN,0.9749303621169917,0.017693236765112252
358,Fdroosevelt vs Nixon,1996,Logistic Regression,0.7930861723446894,128,5,3,32,128,0.7414829660513119,lstm,30,0.05,50,0.8356713426853707,RNN,0.8031189083820663,0.010032736037376977
359,Bharrison vs Mckinley,2156,Logistic Regression,0.713821892393321,256,3,7,17,128,0.7476808900956984,gru,45,0.35,75,0.7337662342085688,CNN,0.7065868263473055,-0.007235066046015426
360,Fillmore vs Pierce,1032,Logistic Regression,0.6773255813953488,64,3,5,35,64,0.5872093023255814,lstm,10,0.25,100,0.622093023255814,RNN,0.606694560669456,-0.07063102072589278
361,Garfield vs Mckinley,86,Logistic Regression,0.7559523809523809,256,7,3,23,64,0.4883720971817194,lstm,45,0.2,125,0.720930231171985,RNN,0.6486486486486486,-0.10730373230373236
362,Buchanan vs Johnson,2198,Random Forest,0.7010920682232158,128,5,5,20,128,0.6087352137765198,gru,50,0.7,150,0.5104640583432296,CNN,0.6576980568011959,-0.04339401142201993
363,Gwbush vs Nixon,1996,Logistic Regression,0.8011022044088176,256,5,3,8,256,0.8226452904617141,lstm,45,0.5,75,0.8286573146292585,RNN,0.8326693227091635,0.031567118300345864
364,Bharrison vs Truman,1166,Logistic Regression,0.9374058513392647,256,3,3,20,128,0.9073756433269377,gru,25,0.65,150,0.9228130362250588,RNN,0.9215017064846417,-0.015904144854622992
365,Jackson vs Reagan,4004,Logistic Regression,0.9600399600399601,64,5,3,32,64,0.9605394605394605,gru,45,0.6,50,0.9625374622992822,RNN,0.9672293942403178,0.0071894342003577805
366,Fdroosevelt vs Lincoln,2702,Logistic Regression,0.8826764190225729,128,5,5,2,64,0.9126572909397518,lstm,30,0.45,100,0.925980755040418,RNN,0.9227340267459139,0.04005760772334099
367,Ford vs Truman,1166,Logistic Regression,0.7872858117968272,128,5,3,32,64,0.7667238424000159,gru,50,0.75,75,0.6174957121420479,CNN,0.7660910518053375,-0.021194759991489676
368,Carter vs Fillmore,1032,Logistic Regression,0.9631782945736433,128,5,5,11,64,0.9651162790697675,lstm,30,0.7,150,0.9670542635658915,RNN,0.969811320754717,0.006633026181073642
369,Carter vs Hoover,2178,Logistic Regression,0.8737410617916892,128,3,7,32,128,0.8980716253443526,lstm,45,0.7,100,0.9054178145087236,RNN,0.8817407757805109,0.00799971398882171
370,Harding vs Lincoln,862,Logistic Regression,0.8642495693367787,256,5,3,23,256,0.8654292347536287,gru,45,0.55,125,0.8863109050106837,RNN,0.8960739030023095,0.031824333665530835
371,Tyler vs Washington,784,Logistic Regression,0.7193877551020409,64,7,3,8,64,0.6938775510204082,gru,20,0.4,150,0.7117346938775511,RNN,0.7241379310344827,0.004750175932441758
372,Adams vs Madison,362,Logistic Regression,0.6656288156288157,64,5,7,8,256,0.5469613286013103,lstm,5,0.05,75,0.5690607736453167,RNN,0.6010362694300517,-0.06459254619876398
373,Garfield vs Pierce,86,Random Forest,0.8143939393939394,64,5,3,8,128,0.5116279125213623,gru,15,0.5,150,0.4651162776836129,CNN,0.631578947368421,-0.18281499202551843
374,Lincoln vs Truman,1166,Random Forest,0.89278232829638,256,7,3,20,64,0.8953687822634728,gru,20,0.25,150,0.929674099587658,RNN,0.9238938053097345,0.031111477013354483
375,Harding vs Obama,862,Logistic Regression,0.9222706718346254,256,3,3,35,256,0.877030162412993,gru,45,0.55,75,0.9164733180037231,RNN,0.9234135667396062,0.0011428949049807624
376,Fdroosevelt vs Hayes,1778,Logistic Regression,0.9162111549751999,64,3,3,17,128,0.9133858272409815,gru,5,0.6,50,0.9336332958380202,RNN,0.9300225733634311,0.01381141838823119
377,Carter vs Cleveland,2178,Logistic Regression,0.9641881408526713,128,5,3,5,256,0.960514233241506,gru,30,0.55,75,0.9586776859504132,CNN,0.9543795620437956,-0.009808578808875756
378,Harding vs Jqadams,862,Logistic Regression,0.8804748062015504,256,5,3,26,64,0.7285382837541142,lstm,45,0.55,150,0.8399071931285814,RNN,0.8496420047732697,-0.03083280142828071
379,Mckinley vs Taft,2532,Logistic Regression,0.7349921011058452,64,3,5,29,128,0.7014218011361916,gru,40,0.5,150,0.7717219586432639,RNN,0.7591125198098257,0.024120418703980517
380,Johnson vs Polk,2496,Random Forest,0.7399839743589745,64,5,7,5,64,0.7235576923076923,gru,25,0.65,75,0.6073717948717948,CNN,0.5530227948463826,-0.18696117951259184
381,Cleveland vs Washington,784,Logistic Regression,0.7806122448979592,64,7,7,23,128,0.7831632653061225,lstm,45,0.4,75,0.8061224489795918,RNN,0.8118279569892474,0.03121571209128815
382,Buchanan vs Kennedy,2198,Logistic Regression,0.947227189932108,128,5,3,14,256,0.9299363060036608,gru,20,0.25,50,0.9645131938125568,RNN,0.9663551401869158,0.019127950254807846
383,Johnson vs Kennedy,2496,Logistic Regression,0.9138621794871795,64,3,3,35,64,0.905448717948718,gru,40,0.25,100,0.9439102564102564,RNN,0.9302721088435374,0.016409929356357877
384,Jackson vs Obama,4004,Logistic Regression,0.9807692307692307,128,7,3,14,64,0.9805194802813001,gru,35,0.2,125,0.9835164835164835,RNN,0.9813414019162885,0.0005721711470577651
385,Carter vs Gwbush,2178,Logistic Regression,0.7897160010793308,128,7,3,29,128,0.783287419651056,gru,40,0.6,150,0.8181818181818182,RNN,0.8112676056338028,0.021551604554472026
386,Lbjohnson vs Wilson,2116,Logistic Regression,0.8638941398865785,256,5,7,14,128,0.8705103969754253,lstm,20,0.1,100,0.9007561436672968,RNN,0.9048507462686567,0.04095660638207821
387,Bclinton vs Harrison,216,Random Forest,0.9722222222222222,64,5,3,23,128,0.8796296318372091,gru,35,0.7,50,0.43518518408139545,CNN,0.8712871287128713,-0.10093509350935093
388,Harrison vs Taylor,216,Logistic Regression,0.8009259259259259,64,5,3,26,128,0.6296296318372091,gru,45,0.7,125,0.48148148148148145,CNN,0.6749999999999999,-0.125925925925926
389,Hoover vs Johnson,2496,Logistic Regression,0.8729967948717949,128,7,5,14,128,0.8942307692307693,gru,45,0.3,100,0.9118589743589743,RNN,0.9073327961321515,0.03433600126035652
390,Monroe vs Truman,1166,Logistic Regression,0.955411782704891,128,3,5,8,128,0.9519725557461407,gru,35,0.4,125,0.9519725557461407,RNN,0.9560632688927944,0.0006514861879033385
391,Fillmore vs Ford,1032,Logistic Regression,0.939922480620155,64,7,3,17,64,0.9321705426356589,lstm,15,0.75,75,0.9476744186046512,RNN,0.9448818897637795,0.004959409143624471
392,Arthur vs Jackson,1386,Logistic Regression,0.7402446236111342,256,5,7,2,256,0.7647907651348032,gru,35,0.75,75,0.777777777949797,RNN,0.7389312977099237,-0.0013133259012104714
393,Buchanan vs Fdroosevelt,2198,Logistic Regression,0.9335808908759728,256,3,3,17,128,0.935395814376706,gru,45,0.45,150,0.9526842584167425,RNN,0.941712204007286,0.0081313131313131
394,Hoover vs Taylor,286,Random Forest,0.8915297339593115,256,7,3,5,128,0.6363636384477148,gru,25,0.1,75,0.8671328679664986,RNN,0.8724832214765101,-0.019046512482801314
395,Bclinton vs Monroe,1372,Logistic Regression,0.9803206997084548,256,3,3,8,128,0.9723032069970845,lstm,40,0.3,75,0.9868804664723032,RNN,0.9850746268656716,0.004753927157216786
396,Johnson vs Madison,822,Logistic Regression,0.8247868813639593,128,5,3,32,256,0.7688564460933064,gru,35,0.65,50,0.6180048679203303,CNN,0.7461139896373057,-0.0786728917266536
397,Harding vs Polk,862,Logistic Regression,0.8944767441860465,64,7,3,32,256,0.8955916474700804,lstm,40,0.65,75,0.9327146171693735,RNN,0.9277389277389277,0.03326218355288124
398,Hoover vs Washington,784,Logistic Regression,0.8775510204081634,64,7,7,35,128,0.8316326530612245,gru,25,0.55,125,0.8545918367346939,RNN,0.8616187989556136,-0.0159322214525498
399,Arthur vs Nixon,1386,Logistic Regression,0.9494823507854275,64,7,3,35,64,0.9408369409229504,gru,40,0.2,50,0.9494949496669687,RNN,0.9398280802292264,-0.009654270556201161
400,Obama vs Pierce,1604,Logistic Regression,0.9831670822942644,128,7,3,20,256,0.9750623441396509,lstm,30,0.1,50,0.9775561097256857,RNN,0.9762470308788598,-0.006920051415404638
401,Bush vs Fillmore,1032,Logistic Regression,0.9583333333333334,128,3,3,5,128,0.9612403100775194,lstm,30,0.35,75,0.9476744186046512,CNN,0.956,-0.0023333333333334094
402,Eisenhower vs Ford,544,Random Forest,0.7794117647058824,128,7,3,23,64,0.7389705882352942,lstm,40,0.35,125,0.7316176470588235,CNN,0.6564885496183207,-0.12292321508756165
403,Garfield vs Nixon,86,Random Forest,0.9074675324675325,128,3,3,5,64,0.48837209856787395,lstm,45,0.2,75,0.48837209025094674,CNN,0.0,-0.9074675324675325
404,Carter vs Kennedy,2178,Logistic Regression,0.7470175053966541,64,3,3,2,256,0.6923783287419651,lstm,30,0.3,125,0.790633608815427,RNN,0.769095697980685,0.022078192584030876
405,Bclinton vs Polk,2760,Logistic Regression,0.982608695652174,64,7,3,11,256,0.9746376811594203,lstm,20,0.3,150,0.9775362318840579,RNN,0.9799426934097422,-0.002666002242431853
406,Arthur vs Cleveland,1386,Random Forest,0.6731605337242426,64,3,7,8,256,0.5526695527125575,gru,15,0.1,150,0.6363636369657035,RNN,0.6308345120226309,-0.042326021701611705
407,Hayes vs Reagan,1778,Logistic Regression,0.9668235651381719,64,5,3,14,64,0.9527559059811389,lstm,40,0.25,100,0.9550056247662908,RNN,0.9353007945516458,-0.03152277058652608
408,Jefferson vs Taylor,286,Logistic Regression,0.7867762128325508,64,7,3,20,128,0.4895104920113837,gru,30,0.65,100,0.5034965059973977,RNN,0.6305418719211823,-0.15623434091136856
409,Jackson vs Polk,2760,Logistic Regression,0.7221014492753624,64,3,3,17,128,0.7485507246376811,gru,20,0.75,150,0.7898550724637681,RNN,0.7611152976639035,0.03901384838854116
410,Carter vs Wilson,2116,Logistic Regression,0.8851606805293006,128,3,5,8,64,0.8960302457466919,lstm,15,0.35,125,0.9196597353497165,RNN,0.9080568720379147,0.022896191508614105
411,Bharrison vs Buchanan,2156,Logistic Regression,0.7945269016697588,128,5,3,14,64,0.81076066746119,lstm,30,0.75,50,0.5148423008330456,CNN,0.7967770814682185,0.0022501797984596505
412,Kennedy vs Polk,2760,Logistic Regression,0.9271739130434783,64,7,3,8,256,0.9297101449275362,gru,30,0.35,150,0.95,RNN,0.9497126436781609,0.02253873063468259
413,Ford vs Wilson,1290,Logistic Regression,0.8635847931850085,128,7,3,11,64,0.8883720930232558,gru,20,0.15,100,0.9302325581395349,RNN,0.9302325581395349,0.0666477649545264
414,Carter vs Coolidge,2178,Logistic Regression,0.9035811859147329,256,7,3,14,256,0.8971533516988063,lstm,50,0.75,50,0.9219467401285583,RNN,0.9251336898395721,0.021552503924839206
415,Jefferson vs Lincoln,1044,Logistic Regression,0.8065134099616859,128,3,5,23,128,0.7796934861332977,lstm,10,0.05,150,0.8218390800030295,RNN,0.8297101449275363,0.023196734965850396
416,Ford vs Roosevelt,1290,Logistic Regression,0.8844970482472165,128,5,3,5,64,0.8697674420452857,gru,30,0.2,75,0.9317829458288444,RNN,0.9268292682926829,0.04233222004546633
417,Bclinton vs Hayes,1778,Logistic Regression,0.9819971657050308,128,7,3,8,256,0.9707536551896043,gru,20,0.65,150,0.9696287957970283,CNN,0.9678135405105439,-0.014183625194486904
418,Arthur vs Carter,1386,Logistic Regression,0.9603121720444437,256,5,3,8,64,0.9422799422799423,gru,5,0.2,75,0.9437229438089533,RNN,0.9455081001472754,-0.01480407189716837
419,Buchanan vs Harding,862,Logistic Regression,0.8747254521963824,128,5,5,35,128,0.8863109051489775,gru,45,0.4,75,0.9002320191146603,RNN,0.8888888888888888,0.014163436692506415
420,Bharrison vs Reagan,2156,Logistic Regression,0.9438775510204082,64,3,3,11,256,0.929499072909134,lstm,25,0.7,150,0.9461966604823747,RNN,0.9398496240601504,-0.004027926960257777
421,Pierce vs Taylor,286,Logistic Regression,0.6784037558685445,64,3,3,32,128,0.5314685343862413,lstm,35,0.6,125,0.5664335689344606,RNN,0.0,-0.6784037558685445
422,Bharrison vs Fillmore,1032,Logistic Regression,0.7374031007751938,128,7,3,35,128,0.5755813953488372,lstm,45,0.25,125,0.7325581395348837,RNN,0.708955223880597,-0.028447876894596824
423,Bclinton vs Carter,2178,Logistic Regression,0.788351659471128,128,5,3,14,256,0.768595041322314,gru,35,0.55,50,0.7952249770431589,RNN,0.7706422018348623,-0.017709457636265635
424,Pierce vs Wilson,1604,Logistic Regression,0.8522443890274314,128,3,7,35,128,0.8416458852867831,lstm,10,0.6,50,0.8778054862842892,RNN,0.8712871287128713,0.019042739685439902
425,Coolidge vs Tyler,1812,Random Forest,0.82560706401766,128,7,5,2,128,0.8377483441077057,gru,25,0.25,100,0.875275938321423,RNN,0.8730853391684901,0.04747827515083003
426,Hoover vs Mckinley,2532,Logistic Regression,0.8364928909952607,64,7,3,14,64,0.8720379143152945,gru,35,0.15,75,0.9052132701421801,RNN,0.8890714872637634,0.0525785962685027
427,Grant vs Harding,862,Logistic Regression,0.8445198105081826,256,3,5,29,64,0.8584686777707872,gru,20,0.15,125,0.8723897913215884,RNN,0.863849765258216,0.019329954750033407
428,Eisenhower vs Hoover,544,Logistic Regression,0.8216911764705882,256,7,3,26,64,0.7757352941176471,lstm,5,0.45,125,0.8382352941176471,RNN,0.8268551236749117,0.005163947204323449
429,Harrison vs Tyler,216,Logistic Regression,0.7777777777777778,64,7,3,26,64,0.6296296296296297,lstm,45,0.65,50,0.4722222222222222,CNN,0.6153846153846153,-0.16239316239316248
430,Harrison vs Polk,216,Logistic Regression,0.9074074074074074,128,3,3,2,128,0.7129629607553836,gru,20,0.4,150,0.49999999779242055,CNN,0.651685393258427,-0.25572201414898044
431,Carter vs Wilson,2116,Logistic Regression,0.8865784499054821,64,5,7,35,128,0.8610586011342155,gru,5,0.65,150,0.5094517958412098,CNN,0.8643122676579925,-0.022266182247489552
432,Bclinton vs Lbjohnson,4428,Logistic Regression,0.7981029810298104,64,3,5,17,64,0.8116531165311653,lstm,10,0.4,50,0.8685636856368564,RNN,0.8521816562778273,0.054078675248016905
433,Hoover vs Truman,1166,Logistic Regression,0.8653409358376877,64,7,3,20,256,0.8130360206854282,gru,20,0.5,75,0.8679245283018868,RNN,0.8627450980392156,-0.002595837798472056
434,Obama vs Taylor,286,Random Forest,0.9790688575899844,128,7,3,29,128,0.9230769243273702,lstm,20,0.55,150,0.6713286738295655,CNN,0.9384615384615383,-0.04060731912844606
435,Garfield vs Mckinley,86,Random Forest,0.7196969696969697,256,3,3,26,128,0.4883720971817194,lstm,30,0.5,150,0.46511628253515375,CNN,0.7169811320754716,-0.002715837621498074
436,Fdroosevelt vs Wilson,2116,Logistic Regression,0.7793005671077504,128,3,7,17,64,0.8109640831758034,lstm,35,0.7,100,0.8289224952741021,RNN,0.805528134254689,0.026227567146938635
437,Grant vs Mckinley,2532,Logistic Regression,0.7093206951026856,128,3,5,35,256,0.7037914691001507,gru,35,0.15,75,0.7835703004404644,RNN,0.7697262479871176,0.06040555288443206
438,Vanburen vs Wilson,1640,Logistic Regression,0.8542682926829268,128,5,5,26,128,0.8365853661444129,lstm,50,0.15,150,0.8914634140526376,RNN,0.8742058449809403,0.019937552298013528
439,Coolidge vs Monroe,1372,Logistic Regression,0.8338192419825072,64,5,3,14,256,0.8352769675824802,gru,25,0.1,50,0.9037900869422334,RNN,0.901685393258427,0.06786615127591977
440,Garfield vs Jackson,86,Random Forest,0.8149350649350648,256,5,3,8,64,0.5116279042044352,gru,35,0.7,100,0.651162794856138,RNN,0.6250000000000001,-0.18993506493506473
441,Johnson vs Washington,784,Logistic Regression,0.7831632653061225,64,3,3,23,64,0.7653061224489796,lstm,45,0.7,100,0.5,CNN,0.793103448275862,0.00994018296973953
442,Hayes vs Jqadams,940,Random Forest,0.7734042553191489,256,5,3,11,256,0.7595744683387432,gru,15,0.75,100,0.8042553188952993,RNN,0.8122448979591836,0.03884064264003473
443,Cleveland vs Monroe,1372,Logistic Regression,0.7915451895043731,64,3,5,5,64,0.8469387756839786,lstm,45,0.65,50,0.8688046648968065,RNN,0.8591749644381225,0.06762977493374933
444,Hoover vs Reagan,2630,Logistic Regression,0.887074780363909,128,3,5,5,256,0.8813688212927757,gru,50,0.65,125,0.9003802281368821,RNN,0.8855564325177585,-0.0015183478461504585
445,Jqadams vs Mckinley,940,Logistic Regression,0.7638297872340425,128,3,5,32,128,0.7851063827250866,lstm,30,0.35,150,0.8148936175285502,RNN,0.7762557077625571,0.012425920528514656
446,Harding vs Jackson,862,Logistic Regression,0.8700742894056848,256,3,7,14,256,0.8816705340575729,gru,30,0.75,100,0.6450116017578372,CNN,0.8769574944071589,0.006883205001474102
447,Jackson vs Jqadams,940,Logistic Regression,0.7457446808510639,128,7,5,32,256,0.7127659574468085,gru,40,0.45,50,0.772340424263731,RNN,0.7654320987654321,0.01968741791436812
448,Garfield vs Kennedy,86,Random Forest,0.7673160173160173,256,3,5,17,64,0.41860465462817703,gru,20,0.6,75,0.5116279042044352,RNN,0.6875000000000001,-0.07981601731601717
449,Hoover vs Jefferson,1044,Logistic Regression,0.8879310344827587,256,3,5,17,128,0.8888888884321483,lstm,30,0.3,100,0.89463601486893,RNN,0.8888888888888888,0.0009578544061301653
450,Carter vs Mckinley,2178,Logistic Regression,0.9513314557474366,128,3,7,14,128,0.9476584022038568,lstm,20,0.3,125,0.9513314967860422,RNN,0.9375582479030755,-0.01377320784436109
451,Monroe vs Vanburen,1372,Logistic Regression,0.7551020408163265,64,5,5,23,256,0.7142857142857143,gru,5,0.45,75,0.7871720120093565,RNN,0.7887740029542097,0.03367196213788326
452,Garfield vs Monroe,86,Logistic Regression,0.8955627705627706,64,3,3,5,128,0.7674418660097344,gru,30,0.05,100,0.9302325581395349,RNN,0.8636363636363636,-0.031926406926406914
453,Carter vs Harrison,216,Logistic Regression,0.9675925925925926,64,5,3,23,128,0.8518518540594313,gru,45,0.75,100,0.9444444466520239,RNN,0.9482758620689654,-0.019316730523627146
454,Garfield vs Jefferson,86,Logistic Regression,0.7905844155844155,128,5,3,23,64,0.6046511683353158,gru,45,0.25,125,0.5116279104421305,CNN,0.6511627906976744,-0.13942162488674115
455,Jqadams vs Wilson,940,Logistic Regression,0.8712765957446809,256,7,5,20,64,0.8744680856136565,gru,50,0.1,100,0.8659574480766946,CNN,0.8260869565217391,-0.045189639222941724
456,Harrison vs Mckinley,216,Random Forest,0.8518518518518519,64,3,7,17,128,0.7870370348294576,gru,35,0.15,50,0.8888888866813095,RNN,0.8867924528301886,0.03494060097833673
457,Bush vs Lbjohnson,2246,Random Forest,0.7555656523366383,64,7,3,20,64,0.6945681211572615,lstm,30,0.35,125,0.8210151380231523,RNN,0.7061143984220908,-0.04945125391454752
458,Kennedy vs Lbjohnson,4010,Random Forest,0.7336670129332561,256,5,5,35,64,0.7655860350316303,gru,20,0.75,75,0.7875311722779215,RNN,0.7848605577689243,0.05119354483566818
459,Jackson vs Tyler,1812,Random Forest,0.6269315673289183,64,3,7,23,64,0.6015452539289234,lstm,50,0.75,75,0.5055187636653319,CNN,0.61875,-0.008181567328918282
460,Bclinton vs Harrison,216,Logistic Regression,0.9675925925925926,128,5,3,5,256,0.944444442236865,lstm,45,0.2,150,0.9722222244298017,RNN,0.9649122807017544,-0.002680311890838172
461,Harrison vs Pierce,216,Logistic Regression,0.8472222222222222,64,7,3,17,128,0.7314814792739021,gru,35,0.05,150,0.8240740718664946,RNN,0.8155339805825242,-0.03168824163969797
462,Bharrison vs Monroe,1372,Logistic Regression,0.8126822157434401,64,5,3,14,128,0.7827988339930164,gru,30,0.35,50,0.8906705541096346,RNN,0.8865979381443299,0.07391572240088973
463,Lincoln vs Truman,1166,Logistic Regression,0.9022383844089819,256,7,3,32,256,0.888507718696398,gru,15,0.5,50,0.9245283019890302,RNN,0.9307282415630552,0.028489857154073372
464,Ford vs Pierce,1290,Logistic Regression,0.9558174528392593,64,7,3,32,256,0.9302325581395349,lstm,30,0.4,150,0.9488372093023256,RNN,0.9550898203592815,-0.0007276324799778688
465,Coolidge vs Taylor,286,Random Forest,0.8219385758998434,128,3,3,2,128,0.7272727297736215,lstm,5,0.55,125,0.6153846178855096,CNN,0.6363636363636364,-0.18557493953620707
466,Garfield vs Kennedy,86,Support Vector Machine,0.8376623376623377,64,5,3,32,64,0.6279069822888041,gru,10,0.75,100,0.5813953543818274,CNN,0.711864406779661,-0.12579793088267666
467,Bush vs Johnson,2246,Logistic Regression,0.967058062306126,256,5,3,17,256,0.9670525378450578,lstm,20,0.5,125,0.9786286731967943,RNN,0.9773123909249564,0.010254328618830355
468,Tyler vs Wilson,1812,Random Forest,0.8245033112582781,128,5,5,26,128,0.8189845471982135,gru,50,0.3,125,0.9039735096706196,RNN,0.8803512623490669,0.05584795109078877
469,Nixon vs Truman,1166,Logistic Regression,0.7547192016193569,64,3,3,23,64,0.7495711837379233,gru,5,0.3,125,0.7684391082662252,RNN,0.7630662020905923,0.008347000471235377
470,Bclinton vs Reagan,4428,Logistic Regression,0.757226738934056,256,5,3,17,64,0.7764227641737989,gru,5,0.7,150,0.8017163505506817,RNN,0.7932263814616755,0.035999642527619446
471,Grant vs Taft,2660,Logistic Regression,0.7548872180451128,256,5,5,29,256,0.7766917295025704,gru,50,0.55,50,0.832330826798776,RNN,0.7876447876447875,0.032757569599674685
472,Hayes vs Tyler,1778,Logistic Regression,0.757612106488511,128,5,3,11,128,0.7210348703729825,lstm,50,0.45,125,0.7975253090681456,RNN,0.7620064034151549,0.004394296926643948
473,Bharrison vs Monroe,1372,Logistic Regression,0.8083090379008746,64,7,3,23,64,0.7857142851929623,lstm,30,0.75,75,0.8527696787789681,RNN,0.8860759493670886,0.07776691146621395
474,Bharrison vs Lbjohnson,2156,Logistic Regression,0.9253246753246753,128,3,7,20,128,0.9257884974382362,gru,45,0.2,100,0.9582560293528498,RNN,0.944015444015444,0.01869076869076869
475,Coolidge vs Reagan,2332,Logistic Regression,0.8932246998284734,256,3,3,26,256,0.9176672384219554,gru,15,0.35,150,0.9313893650449161,RNN,0.9301919720767887,0.03696727224831531
476,Coolidge vs Mckinley,2332,Logistic Regression,0.7800171526586621,256,3,3,20,256,0.8173241853509514,gru,50,0.1,150,0.8576329332068691,RNN,0.8451443569553806,0.06512720429671848
477,Arthur vs Fdroosevelt,1386,Logistic Regression,0.9213593809864904,128,5,3,14,64,0.9206349207209302,lstm,45,0.45,100,0.9047619048479143,CNN,0.9161849710982658,-0.005174409888224596
478,Gwbush vs Lbjohnson,3474,Logistic Regression,0.7947628372036293,64,7,3,14,256,0.8180771445363296,gru,35,0.25,150,0.8911917098788743,RNN,0.8667466986794717,0.07198386147584246
479,Johnson vs Wilson,2116,Random Forest,0.8402646502835538,256,7,3,23,256,0.8402646502835539,lstm,50,0.35,50,0.8742911153119093,RNN,0.8616822429906543,0.02141759270710053
480,Bush vs Polk,2246,Logistic Regression,0.9688421793822672,256,5,3,5,128,0.97506678539626,gru,20,0.6,150,0.98753339269813,RNN,0.9873417721518987,0.018499592769631423
481,Buchanan vs Jackson,2198,Logistic Regression,0.7092846497764531,64,3,3,20,64,0.5122838945850879,lstm,50,0.55,125,0.7379435849688724,RNN,0.6905005107252298,-0.018784139051223336
482,Arthur vs Gwbush,1386,Logistic Regression,0.9754585131015643,128,5,5,5,64,0.9595959596819692,gru,10,0.35,125,0.9567099567959663,CNN,0.9486823855755896,-0.02677612752597469
483,Eisenhower vs Harrison,216,Logistic Regression,0.8888888888888888,128,7,3,5,64,0.8333333355409128,gru,40,0.25,125,0.8796296318372091,RNN,0.9043478260869566,0.01545893719806779
484,Ford vs Tyler,1290,Logistic Regression,0.9403303655558333,256,5,3,35,64,0.9410852713178295,gru,40,0.4,75,0.9565891472868217,RNN,0.9518072289156627,0.011476863359829448
485,Arthur vs Mckinley,1386,Logistic Regression,0.6775207809298529,128,3,7,17,128,0.7157287162447733,lstm,30,0.55,125,0.7258297260877546,RNN,0.701949860724234,0.024429079794381137
486,Garfield vs Wilson,86,Logistic Regression,0.7916666666666667,64,5,5,11,64,0.5813953460649003,gru,20,0.55,150,0.4883720971817194,CNN,0.5365853658536585,-0.2550813008130083
487,Fillmore vs Taft,1032,Logistic Regression,0.7432170542635659,256,7,3,32,64,0.7306201550387597,gru,35,0.6,150,0.8081395348837209,RNN,0.7657841140529531,0.022567059789387223
488,Kennedy vs Taft,3174,Logistic Regression,0.9061097417262508,64,3,5,23,256,0.892249527485324,gru,30,0.35,50,0.9338374289237409,RNN,0.916305021698698,0.01019527997244718
489,Gwbush vs Reagan,3474,Logistic Regression,0.7708715590248869,64,7,3,8,64,0.7645365573856154,gru,30,0.55,125,0.8134715027279324,RNN,0.7955993051534453,0.024727746128558437
490,Adams vs Wilson,362,Random Forest,0.8011904761904762,64,5,3,26,64,0.6077348099229085,gru,45,0.15,150,0.7955801118144673,RNN,0.7812499999999999,-0.01994047619047634
491,Mckinley vs Washington,784,Logistic Regression,0.8112244897959184,64,5,3,26,128,0.7474489795918368,lstm,20,0.45,100,0.8112244897959183,RNN,0.8148148148148148,0.0035903250188963343
492,Lincoln vs Wilson,2116,Logistic Regression,0.8095463137996219,256,7,5,23,64,0.7873345935727788,lstm,45,0.2,50,0.8695652173913043,RNN,0.8250000000000001,0.015453686200378125
493,Fdroosevelt vs Truman,1166,Random Forest,0.7281133785246905,64,5,3,11,128,0.6483704977338146,lstm,30,0.35,100,0.7101200689173481,RNN,0.7186440677966102,-0.009469310728080327
494,Arthur vs Grant,1386,Random Forest,0.6803838849927537,64,7,3,29,128,0.5569985575146146,lstm,10,0.35,125,0.6435786440086915,RNN,0.6224066390041494,-0.05797724598860432
495,Bush vs Reagan,2246,Random Forest,0.6553965973319124,256,7,3,29,256,0.6224398931699041,lstm,35,0.65,50,0.5057880677024064,CNN,0.5386100386100385,-0.11678655872187382
496,Hoover vs Washington,784,Logistic Regression,0.9056122448979591,128,5,5,11,256,0.7908163265306123,gru,40,0.6,125,0.8801020408163265,RNN,0.875,-0.030612244897959107
497,Fdroosevelt vs Garfield,86,Random Forest,0.777056277056277,128,3,3,32,256,0.48837209856787395,lstm,35,0.75,75,0.46511628461438553,CNN,0.6349206349206349,-0.14213564213564212
498,Mckinley vs Nixon,1996,Logistic Regression,0.9509018036072143,64,5,5,14,256,0.9278557113033975,lstm,45,0.65,125,0.9418837675350702,RNN,0.9451645064805584,-0.005737297126655938
499,Monroe vs Taft,1372,Logistic Regression,0.8294460641399417,128,5,5,8,256,0.7973760929469117,gru,45,0.55,50,0.8833819236769272,RNN,0.8888888888888888,0.05944282474894713
